id_original,id_souldata,nombre_tripadvisor,nombre_souldata,link,score,n_reviews,description,categoria,subcategoría,departamento,ciudad,entra_analisis,entra_global,lat,long,geo_manual
0,1,Perito Moreno Glacier,Glaciar Perito Moreno,/Attraction_Review-g488166-d6438572-Reviews-Perito_Moreno_Glacier-Los_Glaciares_National_Park_Province_of_Santa_Cruz_Patagoni.html,5.0,12644,Geologic Formations,Áreas naturales,Glaciares,Lago Argentino,El Calafate,1.0,1.0,-50.505009,-73.166031,0
1,2,Cerro Fitz Roy,Cerro Fitz Roy,/Attraction_Review-g316035-d552855-Reviews-Cerro_Fitz_Roy-El_Chalten_Province_of_Santa_Cruz_Patagonia.html,5.0,2903,Mountains,Áreas naturales,Cerros,Lago Argentino,El Chaltén,1.0,1.0,-49.30743,-72.914993,0
2,3,Laguna Torre,Laguna Torre,/Attraction_Review-g316035-d2510209-Reviews-Laguna_Torre-El_Chalten_Province_of_Santa_Cruz_Patagonia.html,5.0,1540,Bodies of Water â€¢ Historic Walking Areas,Áreas naturales,Senderos,Lago Argentino,El Chaltén,1.0,1.0,-49.3325,-72.927223,0
3,4,Laguna de los Tres,Laguna de los Tres,/Attraction_Review-g488166-d2524250-Reviews-Laguna_de_los_Tres-Los_Glaciares_National_Park_Province_of_Santa_Cruz_Patagonia.html,5.0,597,Hiking Trails,Áreas naturales,Senderos,Lago Argentino,El Chaltén,1.0,1.0,-49.280548,-72.984093,0
4,5,Cabo VÃ­rgenes,Cabo Vírgenes,/Attraction_Review-g312852-d7092461-Reviews-Cabo_Virgenes-Rio_Gallegos_Province_of_Santa_Cruz_Patagonia.html,4.5,110,Points of Interest & Landmarks â€¢ Nature & Wildlife Areas,Áreas naturales,Avistaje de fauna,Güer Aike,Río Gallegos,1.0,1.0,-52.3274994,-68.3516667,1
5,6,Lago Argentino,Lago Argentino,/Attraction_Review-g312851-d313897-Reviews-Lago_Argentino-El_Calafate_Province_of_Santa_Cruz_Patagonia.html,4.5,4125,Bodies of Water,Áreas naturales,"Lagos, lagunas y ríos",Lago Argentino,El Calafate,1.0,1.0,-50.336784,-72.266876,0
6,7,Glaciar Spegazzini,Glaciar Spegazzini,/Attraction_Review-g488166-d10136803-Reviews-Glaciar_Spegazzini-Los_Glaciares_National_Park_Province_of_Santa_Cruz_Patagonia.html,5.0,98,Geologic Formations,Áreas naturales,Glaciares,Lago Argentino,El Calafate,1.0,1.0,-50.2505733,-73.3818206,1
7,8,Rios de Hielo,Ríos de Hielo,/Attraction_Review-g312851-d9834872-Reviews-Rios_de_Hielo-El_Calafate_Province_of_Santa_Cruz_Patagonia.html,4.5,1172,Bodies of Water,Prestadores turísticos,Excursiones y aventura,Lago Argentino,El Calafate,1.0,1.0,-50.040413,-73.266754,0
8,9,Upsala Glacier,Glaciar Upsala,/Attraction_Review-g312851-d313743-Reviews-Upsala_Glacier-El_Calafate_Province_of_Santa_Cruz_Patagonia.html,4.5,3458,Geologic Formations,Áreas naturales,Glaciares,Lago Argentino,El Calafate,1.0,1.0,-49.886944,-73.2725,1
9,10,Pasarelas Perito Moreno,Pasarelas Perito Moreno,/Attraction_Review-g312851-d11663802-Reviews-Pasarelas_Perito_Moreno-El_Calafate_Province_of_Santa_Cruz_Patagonia.html,5.0,2384,Geologic Formations,Áreas naturales,Glaciares,Lago Argentino,El Calafate,1.0,1.0,-50.468994,-73.03302,0
10,11,Glaciarium,Glaciarium - Centro de Interpretación,/Attraction_Review-g312851-d2054832-Reviews-Glaciarium-El_Calafate_Province_of_Santa_Cruz_Patagonia.html,4.0,4433,Speciality Museums,Espacios urbanos,Museos,Lago Argentino,El Calafate,1.0,1.0,-50.336586,-72.339844,0
11,12,Lago del Desierto,Lago del Desierto,/Attraction_Review-g312850-d2534729-Reviews-Lago_del_Desierto-Province_of_Santa_Cruz_Patagonia.html,4.5,182,Bodies of Water â€¢ Nature & Wildlife Areas,Áreas naturales,"Lagos, lagunas y ríos",Lago Argentino,El Chaltén,1.0,1.0,-49.037222,-72.864722,1
12,13,Laguna Azul,Laguna Azul,/Attraction_Review-g312852-d3538161-Reviews-Laguna_Azul-Rio_Gallegos_Province_of_Santa_Cruz_Patagonia.html,4.5,175,Nature & Wildlife Areas,Sitios arqueológicos y geológicos,Sitios Geológicos,Güer Aike,Río Gallegos,1.0,1.0,-52.0764605,-69.581407,1
13,14,Cueva de las Manos,Cueva de las Manos,/Attraction_Review-g312850-d318282-Reviews-Cueva_de_las_Manos-Province_of_Santa_Cruz_Patagonia.html,4.5,162,Caverns & Caves,Sitios arqueológicos y geológicos,Sitios arqueológicos,Lago Buenos Aires,Perito Moreno,1.0,1.0,-47.1522214,-70.6627035,1
14,15,Laguna Capri,Laguna Capri,/Attraction_Review-g316035-d2524238-Reviews-Laguna_Capri-El_Chalten_Province_of_Santa_Cruz_Patagonia.html,4.5,1360,Bodies of Water,Áreas naturales,Senderos,Lago Argentino,El Chaltén,1.0,1.0,-49.303749,-72.928513,0
15,1,Perito Moreno Glacier,Glaciar Perito Moreno,/Attraction_Review-g488166-d313740-Reviews-Perito_Moreno_Glacier-Los_Glaciares_National_Park_Province_of_Santa_Cruz_Patagonia.html,5.0,6654,Geologic Formations,Áreas naturales,Glaciares,Lago Argentino,El Calafate,1.0,1.0,-50.483299,-73.050003,0
16,16,Road to El Chalten,Ruta a El Chaltén,/Attraction_Review-g316035-d1205825-Reviews-Road_to_El_Chalten-El_Chalten_Province_of_Santa_Cruz_Patagonia.html,4.5,613,Scenic Drives,Áreas naturales,Rutas y caminos,Lago Argentino,El Chaltén,1.0,1.0,-49.391819,-72.849464,0
17,17,Glaciar Huemul,Glaciar Huemul,/Attraction_Review-g316035-d4002332-Reviews-Glaciar_Huemul-El_Chalten_Province_of_Santa_Cruz_Patagonia.html,4.5,640,Geologic Formations,Áreas naturales,Glaciares,Lago Argentino,El Chaltén,1.0,1.0,-49.331581,-72.886192,0
18,18,Lago Buenos Aires,Lago Buenos Aires,/Attraction_Review-g1673177-d4283483-Reviews-Lago_Buenos_Aires-Los_Antiguos_Province_of_Santa_Cruz_Patagonia.html,4.5,125,Bodies of Water,Áreas naturales,"Lagos, lagunas y ríos",Lago Buenos Aires,Los Antiguos,1.0,1.0,-46.547661,-71.631302,0
19,19,Estancia 25 de Mayo,Estancia 25 de Mayo,/Attraction_Review-g312851-d1937955-Reviews-Estancia_25_de_Mayo-El_Calafate_Province_of_Santa_Cruz_Patagonia.html,4.5,302,Nature & Wildlife Areas â€¢ Rides & Activities,Prestadores turísticos,Turismo rural,Lago Argentino,El Calafate,1.0,1.0,-50.345325,-72.251541,0
20,20,Parque Nacional Bosques Petrificados de Jaramillo,Parque Nacional Bosques Petrificados de Jaramillo,/Attraction_Review-g2468334-d8481800-Reviews-Parque_Nacional_Bosques_Petrificados_de_Jaramillo-Puerto_Santa_Cruz_Province_of_.html,4.5,25,State Parks â€¢ National Parks,Áreas naturales,Parque / Reserva natural,,,,,-47.6721012,-67.9917364,1
21,21,El Mirador De Los Condores,El Mirador De Los Condores,/Attraction_Review-g316035-d6896677-Reviews-El_Mirador_De_Los_Condores-El_Chalten_Province_of_Santa_Cruz_Patagonia.html,4.5,802,Lookouts,Áreas naturales,Senderos,Lago Argentino,El Chaltén,1.0,1.0,-49.326698,-72.889923,0
22,22,Isla Pinguinos,Isla Pingüino,/Attraction_Review-g887127-d7645120-Reviews-Isla_Pinguinos-Puerto_Deseado_Province_of_Santa_Cruz_Patagonia.html,5.0,72,Islands,Áreas naturales,Miradores,,,,,-47.9105556,-65.7175,1
23,23,Parque Nacional Monte Leon,Parque Nacional Monte León,/Attraction_Review-g2468334-d2537691-Reviews-Parque_Nacional_Monte_Leon-Puerto_Santa_Cruz_Province_of_Santa_Cruz_Patagonia.html,4.5,65,National Parks,Áreas naturales,Parque / Reserva natural,,,,,-50.2642303,-68.9584374,1
24,24,Laguna Nimez Reserva Natural Municipal,Laguna Nimez Reserva Natural Municipal,/Attraction_Review-g312851-d1368446-Reviews-Laguna_Nimez_Reserva_Natural_Municipal-El_Calafate_Province_of_Santa_Cruz_Patagon.html,4.0,2320,Nature & Wildlife Areas,Áreas naturales,"Lagos, lagunas y ríos",Lago Argentino,El Calafate,1.0,1.0,-50.320904,-72.265656,0
25,25,Glaciar Seco,Glaciar Seco,/Attraction_Review-g488166-d10136869-Reviews-Glaciar_Seco-Los_Glaciares_National_Park_Province_of_Santa_Cruz_Patagonia.html,4.0,6,Geologic Formations,Áreas naturales,Glaciares,,,,,-50.1729065,-73.2943557,1
26,26,Sendero Loma del Pliegue Tumbado,Sendero Loma del Pliegue Tumbado,/Attraction_Review-g316035-d4023057-Reviews-Sendero_Loma_del_Pliegue_Tumbado-El_Chalten_Province_of_Santa_Cruz_Patagonia.html,5.0,265,Mountains,Áreas naturales,Senderos,Lago Argentino,El Chaltén,1.0,1.0,-49.356728,-72.959946,0
27,27,La Leona Petrified Forest,Bosque Pretificado La Leona,/Attraction_Review-g312851-d1724350-Reviews-La_Leona_Petrified_Forest-El_Calafate_Province_of_Santa_Cruz_Patagonia.html,4.5,256,Nature & Wildlife Areas,Sitios arqueológicos y geológicos,Sitios arqueológicos,Lago Argentino,El Chaltén,1.0,1.0,-49.84676,-72.108742,0
28,28,Chorillo del Salto,Chorillo del Salto,/Attraction_Review-g316035-d3182204-Reviews-Chorillo_del_Salto-El_Chalten_Province_of_Santa_Cruz_Patagonia.html,4.0,1321,Waterfalls,Áreas naturales,"Lagos, lagunas y ríos",Lago Argentino,El Chaltén,1.0,1.0,-49.331581,-72.886192,0
29,29,Viedma Glacier,Glaciar Viedma,/Attraction_Review-g316035-d3710333-Reviews-Viedma_Glacier-El_Chalten_Province_of_Santa_Cruz_Patagonia.html,4.5,619,Points of Interest & Landmarks,Áreas naturales,Glaciares,Lago Argentino,El Chaltén,1.0,1.0,-49.4166667,-73.25,1
30,30,El Calafate Historical Interpretation Center,Centro de Interpretación Histórica de El Calafate,/Attraction_Review-g312851-d3682889-Reviews-El_Calafate_Historical_Interpretation_Center-El_Calafate_Province_of_Santa_Cruz_P.html,4.0,790,Speciality Museums,Espacios urbanos,Museos,Lago Argentino,El Calafate,1.0,1.0,-50.331345,-72.265076,0
31,31,Avenida Libertador,Avenida Libertador,/Attraction_Review-g312851-d312421-Reviews-Avenida_Libertador-El_Calafate_Province_of_Santa_Cruz_Patagonia.html,4.0,1666,Neighborhoods â€¢ Points of Interest & Landmarks,Espacios urbanos,"Parques, plazas y espacios urbanos",Lago Argentino,El Calafate,1.0,1.0,-50.339371,-72.255684,0
32,32,Mirador del Torre,Mirador del Torre,/Attraction_Review-g316035-d2524242-Reviews-Mirador_del_Torre-El_Chalten_Province_of_Santa_Cruz_Patagonia.html,4.5,461,Lookouts â€¢ Hiking Trails,Áreas naturales,Senderos,Lago Argentino,El Chaltén,1.0,1.0,-49.332653,-72.927155,0
33,33,Walichu Caves,Punta Walichu,/Attraction_Review-g312851-d312422-Reviews-Walichu_Caves-El_Calafate_Province_of_Santa_Cruz_Patagonia.html,3.5,366,Historic Sites â€¢ Caverns & Caves,Sitios arqueológicos y geológicos,Sitios arqueológicos,Lago Argentino,El Calafate,1.0,1.0,-50.297169,-72.204155,0
34,14,Cave of the Hands,Cueva de las Manos,/Attraction_Review-g1949199-d5504411-Reviews-Cave_of_the_Hands-Perito_Moreno_Province_of_Santa_Cruz_Patagonia.html,4.5,146,Points of Interest & Landmarks,Sitios arqueológicos y geológicos,Sitios arqueológicos,Lago Buenos Aires,Perito Moreno,1.0,1.0,-47.1522214,-70.6627035,1
35,34,Santa Teresita del Nino Jesus,Santa Teresita del Niño Jesús,/Attraction_Review-g312851-d3377829-Reviews-Santa_Teresita_del_Nino_Jesus-El_Calafate_Province_of_Santa_Cruz_Patagonia.html,4.0,274,Churches & Cathedrals,Lugares religiosos,,Lago Argentino,El Calafate,0.0,1.0,-50.33773,-72.26133,0
36,35,Oficina de Turismo de Caleta Olivia,Centro de Información Turística  - Caleta Oliva,/Attraction_Review-g2617018-d10365114-Reviews-Oficina_de_Turismo_de_Caleta_Olivia-Caleta_Olivia_Province_of_Santa_Cruz_Patago.html,4.5,6,Visitor Centers,Espacios urbanos,Centros de Información Turística,,,,,-46.436218,-67.519722,0
37,36,Monte Zeballos,Monte Zeballos,/Attraction_Review-g1673177-d2043174-Reviews-Monte_Zeballos-Los_Antiguos_Province_of_Santa_Cruz_Patagonia.html,4.5,66,Scenic Drives,Áreas naturales,Cerros,,,,,-47.0349999,-71.6983333,1
38,37,Lago Del Desierto,Lago Del Desierto,/Attraction_Review-g2468334-d12533512-Reviews-Lago_Del_Desierto-Puerto_Santa_Cruz_Province_of_Santa_Cruz_Patagonia.html,4.5,7,Bodies of Water,Áreas naturales,"Lagos, lagunas y ríos",,,,,-49.037222,-72.864722,1
39,38,Museo Tematico Nao Victoria,Museo Tematico Nao Victoria,/Attraction_Review-g1857763-d3319946-Reviews-Museo_Tematico_Nao_Victoria-Puerto_San_Julian_Province_of_Santa_Cruz_Patagonia.html,4.0,100,Speciality Museums,Espacios urbanos,Museos,Magallanes,Puerto San Julián,1.0,1.0,-49.312851,-67.714661,0
40,39,Glaciar Piedras Blancas,Glaciar Piedras Blancas,/Attraction_Review-g316035-d3915404-Reviews-Glaciar_Piedras_Blancas-El_Chalten_Province_of_Santa_Cruz_Patagonia.html,4.5,253,Mountains,Áreas naturales,Glaciares,Lago Argentino,El Chaltén,1.0,1.0,-49.264496,-72.949577,0
41,40,Southern Spirit,Southern Spirit,/Attraction_Review-g312851-d11958510-Reviews-Southern_Spirit-El_Calafate_Province_of_Santa_Cruz_Patagonia.html,4.5,90,Ferries,Prestadores turísticos,Excursiones y aventura,Lago Argentino,El Calafate,1.0,1.0,-50.338566,-72.268883,0
42,41,Lago Roca,Lago Roca,/Attraction_Review-g312851-d10179357-Reviews-Lago_Roca-El_Calafate_Province_of_Santa_Cruz_Patagonia.html,4.5,79,Bodies of Water,Áreas naturales,"Lagos, lagunas y ríos",Lago Argentino,El Calafate,1.0,1.0,-50.34774,-72.276543,0
43,42,Los Huemules,Los Huemules,/Attraction_Review-g316035-d9856654-Reviews-Los_Huemules-El_Chalten_Province_of_Santa_Cruz_Patagonia.html,4.5,45,Nature & Wildlife Areas,Áreas naturales,Senderos,,,,,-49.219163,-72.9606453,1
44,43,Lago Posadas,Lago Posadas,/Attraction_Review-g312850-d20048007-Reviews-Lago_Posadas-Province_of_Santa_Cruz_Patagonia.html,4.5,2,Bodies of Water,Áreas naturales,"Lagos, lagunas y ríos",,,,,-49.783333,-68.6166669,1
45,44,Museo Argentino del Juguete,Museo Argentino del Juguete,/Attraction_Review-g312851-d3767761-Reviews-Museo_Argentino_del_Juguete-El_Calafate_Province_of_Santa_Cruz_Patagonia.html,4.0,209,Speciality Museums,Espacios urbanos,Museos,Lago Argentino,El Calafate,1.0,1.0,-50.3379839,-72.2624271,1
46,45,Amanecer en El Chalten,Amanecer en El Chaltén,/Attraction_Review-g316035-d9852003-Reviews-Amanecer_en_El_Chalten-El_Chalten_Province_of_Santa_Cruz_Patagonia.html,5.0,70,Mountains â€¢ Geologic Formations,Áreas naturales,Miradores,,,,,-49.3314941,-72.886325,1
47,46,Mirador Lago Viedma,Mirador Lago Viedma,/Attraction_Review-g312850-d17338309-Reviews-Mirador_Lago_Viedma-Province_of_Santa_Cruz_Patagonia.html,4.0,2,Points of Interest & Landmarks,Áreas naturales,Miradores,,,,,-49.806381,-72.091949,0
48,47,Barco hundido Marjory Glen,Barco Marjory Glen,/Attraction_Review-g312852-d3155269-Reviews-Barco_hundido_Marjory_Glen-Rio_Gallegos_Province_of_Santa_Cruz_Patagonia.html,3.5,66,Ships,Sitios históricos y arqueológicos,Sitios históricos,,,,,-51.622349,-69.249931,0
49,48,Onelli Glacier,Glaciar Onelli,/Attraction_Review-g312851-d577291-Reviews-Onelli_Glacier-El_Calafate_Province_of_Santa_Cruz_Patagonia.html,4.5,142,Geologic Formations,Áreas naturales,Glaciares,Lago Argentino,El Calafate,1.0,1.0,-50.1237192,-73.4259644,1
50,49,Iglesia Exaltacion de la Santa Cruz,Iglesia Exaltación de la Santa Cruz,/Attraction_Review-g2468334-d11660728-Reviews-Iglesia_Exaltacion_de_la_Santa_Cruz-Puerto_Santa_Cruz_Province_of_Santa_Cruz_Pa.html,4.5,3,Churches & Cathedrals,Lugares religiosos,Iglesias y Parroquias,,,,,-50.0164843,-68.5207988,1
51,50,Cerro Pan de Azucar,Cerro Pan de Azúcar,/Attraction_Review-g2617018-d10358956-Reviews-Cerro_Pan_de_Azucar-Caleta_Olivia_Province_of_Santa_Cruz_Patagonia.html,4.5,6,Geologic Formations,Áreas naturales,Cerros,,,,,-46.445549,-67.510323,0
52,51,Calafate Fishing,Calafate Fishing,/Attraction_Review-g312851-d1631798-Reviews-Calafate_Fishing-El_Calafate_Province_of_Santa_Cruz_Patagonia.html,4.0,57,Bodies of Water,Prestadores turísticos,Receptivos,,,,,-50.339149,-72.277809,0
53,52,Reserva Provincial Peninsula Puerto San Julian,Reserva Provincial Península Puerto San Julián,/Attraction_Review-g1857763-d10053741-Reviews-Reserva_Provincial_Peninsula_Puerto_San_Julian-Puerto_San_Julian_Province_of_Sa.html,4.5,16,Nature & Wildlife Areas,Áreas naturales,Parque / Reserva natural,,,,,-49.304287,-67.637024,0
54,53,Laguna Toro,Laguna del Toro,/Attraction_Review-g316035-d8262591-Reviews-Laguna_Toro-El_Chalten_Province_of_Santa_Cruz_Patagonia.html,4.5,27,Bodies of Water,Áreas naturales,"Lagos, lagunas y ríos",,,,,-50.33828,-72.306633,0
55,54,Lago Strobel,Lago Strobel,/Attraction_Review-g1203116-d10340885-Reviews-Lago_Strobel-Gobernador_Gregores_Province_of_Santa_Cruz_Patagonia.html,5.0,1,Bodies of Water,Áreas naturales,"Lagos, lagunas y ríos",,,,,-48.444126,-71.1960709,1
56,55,Sendero a Piedra del Fraile,Sendero a Piedra del Fraile,/Attraction_Review-g316035-d7717206-Reviews-Sendero_a_Piedra_del_Fraile-El_Chalten_Province_of_Santa_Cruz_Patagonia.html,4.5,41,Hiking Trails,Áreas naturales,Senderos,,,,,-49.2272343,-73.0153285,1
57,56,Madsen House Museum,Casa Madsen Museo,/Attraction_Review-g316035-d9856682-Reviews-Madsen_House_Museum-El_Chalten_Province_of_Santa_Cruz_Patagonia.html,4.5,53,Speciality Museums,Museos,Museos,,,,,-49.3128819,-72.8895709,1
58,57,Museo de los Pioneros,Museo de los Pioneros,/Attraction_Review-g312852-d7002429-Reviews-Museo_de_los_Pioneros-Rio_Gallegos_Province_of_Santa_Cruz_Patagonia.html,4.0,48,Speciality Museums,Museos,Museos,,,,,-51.615009,-69.226334,0
59,58,La Usina,La Usina,/Attraction_Review-g312851-d2345727-Reviews-La_Usina-El_Calafate_Province_of_Santa_Cruz_Patagonia.html,4.5,64,Ranches,Prestadores turísticos,Receptivos,,,,,-50.337969,-72.2647982,1
60,59,Paso de Viento,Paso de Viento,/Attraction_Review-g316035-d10068322-Reviews-Paso_de_Viento-El_Chalten_Province_of_Santa_Cruz_Patagonia.html,5.0,12,Nature & Wildlife Areas â€¢ Hiking Trails,Áreas naturales,Senderos,,,,,-49.39531,-73.1159033,1
61,60,Museo Regional Carlos Borgialli,Museo Regional Carlos Borgialli,/Attraction_Review-g2468334-d11645476-Reviews-Museo_Regional_Carlos_Borgialli-Puerto_Santa_Cruz_Province_of_Santa_Cruz_Patago.html,4.5,3,History Museums,Museos,Museos,,,,,-51.642166,-69.225243,0
62,61,Reserva natural Provincial Ria Deseado,Reserva Natural Ría de Puerto Deseado,/Attraction_Review-g887127-d9986312-Reviews-Reserva_natural_Provincial_Ria_Deseado-Puerto_Deseado_Province_of_Santa_Cruz_Pata.html,5.0,35,Nature & Wildlife Areas â€¢ Other Nature & Parks,Áreas naturales,Parque / Reserva natural,,,,,-46.539181,-68.950142,0
63,62,Centro de Informes,Centro de Información Turística - El Chaltén,/Attraction_Review-g316035-d10375387-Reviews-Centro_de_Informes-El_Chalten_Province_of_Santa_Cruz_Patagonia.html,4.5,65,Visitor Centers,Espacios urbanos,Centros de Información Turística,,,,,-49.3334197,-72.8833999,1
64,63,Parque Anfiteatro del Bosque,Parque Anfiteatro del Bosque,/Attraction_Review-g312851-d10713060-Reviews-Parque_Anfiteatro_del_Bosque-El_Calafate_Province_of_Santa_Cruz_Patagonia.html,4.0,49,Parks,Espacios urbanos,"Parques, plazas y espacios urbanos",,,,,-50.339005,-72.271507,0
65,64,Museo Malvinas Argentinas,Museo de Guerra Malvinas Argentinas,/Attraction_Review-g312852-d10239048-Reviews-Museo_Malvinas_Argentinas-Rio_Gallegos_Province_of_Santa_Cruz_Patagonia.html,4.5,11,Military Museums,Museos,Museos,,,,,-51.625603,-69.22168,0
66,65,Plazoleta Heroes de Malvinas,Plazoleta Héroes de Malvinas,/Attraction_Review-g312851-d10138389-Reviews-Plazoleta_Heroes_de_Malvinas-El_Calafate_Province_of_Santa_Cruz_Patagonia.html,3.5,129,Monuments & Statues,Espacios urbanos,Monumentos y estatuas,Lago Argentino,El Calafate,1.0,1.0,-50.338722,-72.276428,0
67,66,Casino Club - Calafate,Casino Club - Calafate,/Attraction_Review-g312851-d9753828-Reviews-Casino_Club_Calafate-El_Calafate_Province_of_Santa_Cruz_Patagonia.html,3.0,87,Casinos,Espacios urbanos,Entretenimiento,Lago Argentino,El Calafate,1.0,1.0,-50.337952,-72.264374,0
68,67,Paseo Costero,Paseo Costero,/Attraction_Review-g2617018-d14109873-Reviews-Paseo_Costero-Caleta_Olivia_Province_of_Santa_Cruz_Patagonia.html,4.0,8,Piers & Boardwalks â€¢ Scenic Walking Areas,Áreas naturales,"Grutas, cuevas y playas",,,,,-46.439739,-67.513687,0
69,68,Plaza De Los Pioneros,Plaza De Los Pioneros,/Attraction_Review-g312851-d5953259-Reviews-Plaza_De_Los_Pioneros-El_Calafate_Province_of_Santa_Cruz_Patagonia.html,4.0,117,Parks,Espacios urbanos,"Parques, plazas y espacios urbanos",Lago Argentino,El Calafate,1.0,1.0,-50.346111,-72.254219,0
70,69,El Gorosito,El Gorosito,/Attraction_Review-g2617018-d8647331-Reviews-El_Gorosito-Caleta_Olivia_Province_of_Santa_Cruz_Patagonia.html,4.0,78,Monuments & Statues,Espacios urbanos,Monumentos y estatuas,Deseado,Caleta Olivia,1.0,1.0,-46.440941,-67.517883,0
71,70,Hoya del Chingue,Hoya del Chingue,/Attraction_Review-g312851-d8467728-Reviews-Hoya_del_Chingue-El_Calafate_Province_of_Santa_Cruz_Patagonia.html,4.0,29,Ski & Snowboard Areas,Prestadores turísticos,Receptivos,,,,,-50.404736,-72.341637,0
72,71,Circuito Aviles,Circuito Avilés,/Attraction_Review-g312850-d16658092-Reviews-Circuito_Aviles-Province_of_Santa_Cruz_Patagonia.html,4.0,1,Hiking Trails,Áreas naturales,Senderos,,,,,,,2
73,72,Paseo de Los Artesanos,Paseo de Los Artesanos,/Attraction_Review-g312851-d10697660-Reviews-Paseo_de_Los_Artesanos-El_Calafate_Province_of_Santa_Cruz_Patagonia.html,3.5,36,Flea & Street Markets,Sitios históricos y arqueológicos,Sitios históricos,,,,,-50.338467,-72.264771,0
74,73,Parque Nacional Patagonia,Parque Nacional Patagonia,/Attraction_Review-g1673177-d12805662-Reviews-Parque_Nacional_Patagonia-Los_Antiguos_Province_of_Santa_Cruz_Patagonia.html,4.5,8,National Parks,Áreas naturales,Parque / Reserva natural,,,,,-46.9403726,-71.2750061,1
75,74,Monumento al Piloto de la Fuerza Aerea,Monumento Héroes Fuerza Aérea,/Attraction_Review-g312852-d10251306-Reviews-Monumento_al_Piloto_de_la_Fuerza_Aerea-Rio_Gallegos_Province_of_Santa_Cruz_Patag.html,4.0,21,Monuments & Statues,Sitios históricos y arqueológicos,Monumentos y estatuas,,,,,-51.617416,-69.206963,0
76,75,Laguna Sucia,Laguna Sucia,/Attraction_Review-g316035-d15812567-Reviews-Laguna_Sucia-El_Chalten_Province_of_Santa_Cruz_Patagonia.html,5.0,8,Bodies of Water,Áreas naturales,"Lagos, lagunas y ríos",,,,,-49.280663,-72.986748,0
77,76,Plaza San Martin,Plaza San Martín,/Attraction_Review-g312852-d7694911-Reviews-Plaza_San_Martin-Rio_Gallegos_Province_of_Santa_Cruz_Patagonia.html,3.5,91,Points of Interest & Landmarks â€¢ Monuments & Statues,Espacios urbanos,"Parques, plazas y espacios urbanos",Güer Aike,Río Gallegos,1.0,1.0,-51.623165,-69.216003,0
78,77,Lupe Cantina Mexicana,Lupe Cantina Mexicana,/Attraction_Review-g1949199-d7279081-Reviews-Lupe_Cantina_Mexicana-Perito_Moreno_Province_of_Santa_Cruz_Patagonia.html,4.5,2,Other Food & Drink,Prestadores turísticos,Receptivos,,,,,,,2
79,78,Carlos Gradin Museo de Arqueologia,Museo de Arqueología Carlos Gradin ,/Attraction_Review-g1949199-d17425189-Reviews-Carlos_Gradin_Museo_de_Arqueologia-Perito_Moreno_Province_of_Santa_Cruz_Patagon.html,4.0,5,Natural History Museums,Museos,Museos,,,,,-46.592823,-70.924629,0
80,79,Sendero Laguna Madre E Hija,Sendero Laguna Madre e Hija,/Attraction_Review-g316035-d15780394-Reviews-Sendero_Laguna_Madre_E_Hija-El_Chalten_Province_of_Santa_Cruz_Patagonia.html,4.0,8,Hiking Trails,Áreas naturales,Senderos,,,,,-49.301327,-72.9515,0
81,80,Portal La Ascension,Portal La Ascensión,/Attraction_Review-g1673177-d13565432-Reviews-Portal_La_Ascension-Los_Antiguos_Province_of_Santa_Cruz_Patagonia.html,4.5,7,Hiking Trails,Áreas naturales,Senderos,,,,,-46.551739,-71.631569,0
82,81,Encuentros con la Historia. Estancia TurÃ­stica,Museo La Quinta,/Attraction_Review-g316035-d13383020-Reviews-Encuentros_con_la_Historia_Estancia_Turistica-El_Chalten_Province_of_Santa_Cruz_.html,5.0,10,Speciality Museums,Museos,Museos,,,,,-49.358028,-72.869507,0
83,82,Museo Regional Municipal de El Calafate,Museo Regional Municipal,/Attraction_Review-g312851-d13003811-Reviews-Museo_Regional_Municipal_de_El_Calafate-El_Calafate_Province_of_Santa_Cruz_Patag.html,3.5,12,Natural History Museums,Museos,Museos,,,,,-50.339428,-72.255592,0
84,83,Lago Cardiel,Lago Cardiel,/Attraction_Review-g1203116-d10341136-Reviews-Lago_Cardiel-Gobernador_Gregores_Province_of_Santa_Cruz_Patagonia.html,4.0,5,Bodies of Water,Áreas naturales,"Lagos, lagunas y ríos",,,,,-48.9091181,-71.2428203,1
85,84,Monumento a la Primera Misa,Primera Misa en Territorio Argentino,/Attraction_Review-g1857763-d17310281-Reviews-Monumento_a_la_Primera_Misa-Puerto_San_Julian_Province_of_Santa_Cruz_Patagonia.html,4.0,2,Historic Sites â€¢ Points of Interest & Landmarks,Sitios históricos y arqueológicos,Monumentos y estatuas,,,,,-49.302216,-67.722534,0
86,85,Plaza Teniente del Navio Agustin del Castillo,Plaza Teniente del Navío Agustín del Castillo,/Attraction_Review-g15278372-d19767451-Reviews-Plaza_Teniente_del_Navio_Agustin_del_Castillo-Rio_Turbio_Province_of_Santa_Cru.html,3.0,2,Historic Sites â€¢ Points of Interest & Landmarks,Espacios urbanos,"Parques, plazas y espacios urbanos",,,,,-51.5369586,-72.3358918,1
87,86,Museo de Los Pioneros,Museo de Los Pioneros,/Attraction_Review-g2468334-d11645490-Reviews-Museo_de_Los_Pioneros-Puerto_Santa_Cruz_Province_of_Santa_Cruz_Patagonia.html,4.0,2,Speciality Museums,Museos,Museos,,,,,-51.6153849,-69.2260086,1
88,87,Punta Loyola,Punta Loyola,/Attraction_Review-g312852-d7694782-Reviews-Punta_Loyola-Rio_Gallegos_Province_of_Santa_Cruz_Patagonia.html,3.0,25,Points of Interest & Landmarks â€¢ Beaches,Áreas naturales,"Grutas, cuevas y playas",,,,,-51.6121158,-69.0016067,1
89,88,Mausoleo de Nestor Kirchner,Mausoleo de Néstor Kirchner,/Attraction_Review-g312852-d10474475-Reviews-Mausoleo_de_Nestor_Kirchner-Rio_Gallegos_Province_of_Santa_Cruz_Patagonia.html,3.0,10,Points of Interest & Landmarks â€¢ Monuments & Statues,Sitios históricos y arqueológicos,Monumentos y estatuas,,,,,-51.6365501,-69.2213792,1
90,89,"Rio Gallegos, Tierra de Tehuelches e Inmigrantes","Rio Gallegos, Tierra de Tehuelches e Inmigrantes",/Attraction_Review-g312852-d11907523-Reviews-Rio_Gallegos_Tierra_de_Tehuelches_e_Inmigrantes-Rio_Gallegos_Province_of_Santa_C.html,4.0,12,Points of Interest & Landmarks,Sitios históricos y arqueológicos,Monumentos y estatuas,,,,,-51.619598,-69.210426,0
91,90,Las Primeras Casas,Las Primeras Casas,/Attraction_Review-g2617018-d10358975-Reviews-Las_Primeras_Casas-Caleta_Olivia_Province_of_Santa_Cruz_Patagonia.html,3.5,2,Historic Sites â€¢ Points of Interest & Landmarks,Sitios históricos y arqueológicos,Sitios históricos,,,,,-46.4425647,-67.5171533,1
92,91,Costanera Angel Sureda,Costanera Angel Sureda,/Attraction_Review-g312852-d7697628-Reviews-Costanera_Angel_Sureda-Rio_Gallegos_Province_of_Santa_Cruz_Patagonia.html,3.5,71,Beaches â€¢ Nature & Wildlife Areas,Áreas naturales,"Grutas, cuevas y playas",Infrestuctura,,,,-51.6230485,-69.2168291,1
93,92,Miradores de Darwin,Miradores de Darwin,/Attraction_Review-g887127-d8280899-Reviews-Miradores_de_Darwin-Puerto_Deseado_Province_of_Santa_Cruz_Patagonia.html,4.5,14,Lookouts,Áreas naturales,Miradores,,,,,-47.8591166,-66.4057413,1
94,93,Museo Ferroviario Roberto GaliÃ¡n,Museo Ferroviario Roberto Galián,/Attraction_Review-g312852-d10239016-Reviews-Museo_Ferroviario_Roberto_Galian-Rio_Gallegos_Province_of_Santa_Cruz_Patagonia.html,4.5,7,Speciality Museums â€¢ History Museums,Museos,Museos,,,,,-51.613949,-69.226189,0
95,94,Museo del Tren,Museo del Tren,/Attraction_Review-g887127-d5570803-Reviews-Museo_del_Tren-Puerto_Deseado_Province_of_Santa_Cruz_Patagonia.html,4.5,52,Speciality Museums,Museos,Museos,,,,,-47.753338,-65.892212,0
96,95,Casa HistÃ³rica del Gobernador Juan Manuel Gregores,"""Casa Historica Gregores""",/Attraction_Review-g312852-d10239022-Reviews-Casa_Historica_del_Gobernador_Juan_Manuel_Gregores-Rio_Gallegos_Province_of_Sant.html,5.0,2,Speciality Museums â€¢ History Museums,Museos,Museos,,,,,-51.624001,-69.207253,0
97,96,Iglesia Nuestra Senora de Fatima,Parroquia Nuestra Señora de Fátima,/Attraction_Review-g1203116-d10341144-Reviews-Iglesia_Nuestra_Senora_de_Fatima-Gobernador_Gregores_Province_of_Santa_Cruz_Pat.html,3.0,1,Churches & Cathedrals,Lugares religiosos,Iglesias y Parroquias,,,,,-48.7510216,-70.251663,1
98,97,Reserva Natural Cabo Blanco,Reserva Natural Cabo Blanco,/Attraction_Review-g887127-d9986339-Reviews-Reserva_Natural_Cabo_Blanco-Puerto_Deseado_Province_of_Santa_Cruz_Patagonia.html,4.5,14,Nature & Wildlife Areas â€¢ Other Nature & Parks,Áreas naturales,Parque / Reserva natural,,,,,-47.751869,-65.898804,0
99,98,Casino Club - Rio Gallegos,Casino Club - Rio Gallegos,/Attraction_Review-g312852-d7692131-Reviews-Casino_Club_Rio_Gallegos-Rio_Gallegos_Province_of_Santa_Cruz_Patagonia.html,3.5,46,Casinos,Prestadores turísticos,Entretenimiento,,,,,-51.621849,-69.215698,0
100,99,Mirador Uendeunk,Mirador Uendeunk,/Attraction_Review-g1673177-d17728894-Reviews-Mirador_Uendeunk-Los_Antiguos_Province_of_Santa_Cruz_Patagonia.html,4.0,1,Lookouts,Espacios urbanos,"Parques, plazas y espacios urbanos",,,,,-46.5518374,-71.6270436,1
101,100,Faro Cabo Virgenes,Faro Cabo Virgenes,/Attraction_Review-g312852-d12993962-Reviews-Faro_Cabo_Virgenes-Rio_Gallegos_Province_of_Santa_Cruz_Patagonia.html,4.0,8,Lighthouses,Sitios históricos y arqueológicos,Sitios históricos,,,,,-52.3332367,-68.355771,1
102,101,Islas Malvinas Monolith,Monolito Islas Malvinas,/Attraction_Review-g312852-d10246392-Reviews-Islas_Malvinas_Monolith-Rio_Gallegos_Province_of_Santa_Cruz_Patagonia.html,3.5,10,Points of Interest & Landmarks â€¢ Monuments & Statues,Sitios históricos y arqueológicos,Monumentos y estatuas,,,,,-51.628269,-69.222191,0
103,102,Oficina de Turismo,Centro de Información Turística - Puerto Deseado,/Attraction_Review-g887127-d11847210-Reviews-Oficina_de_Turismo-Puerto_Deseado_Province_of_Santa_Cruz_Patagonia.html,4.5,12,Visitor Centers,Espacios urbanos,Centros de Información Turística,,,,,-47.7509,-65.902176,0
104,103,Museo de Arte Eduardo Minnicelli,Museo de Arte Eduardo Minnicelli,/Attraction_Review-g312852-d10239044-Reviews-Museo_de_Arte_Eduardo_Minnicelli-Rio_Gallegos_Province_of_Santa_Cruz_Patagonia.html,4.5,5,Art Museums,Museos,Museos,,,,,-51.623707,-69.216896,0
105,104,Club Pescazaike,Club Pescazaike,/Attraction_Review-g312852-d13817078-Reviews-Club_Pescazaike-Rio_Gallegos_Province_of_Santa_Cruz_Patagonia.html,3.5,3,Bodies of Water,Prestadores turísticos,Receptivos,,,,,-51.624018,-69.6153473,1
106,105,Monumento Cruceiro Gallego,Cruceiro,/Attraction_Review-g312852-d10251303-Reviews-Monumento_Cruceiro_Gallego-Rio_Gallegos_Province_of_Santa_Cruz_Patagonia.html,4.0,2,Monuments & Statues,Sitios históricos y arqueológicos,Monumentos y estatuas,,,,,-51.613949,-69.226189,0
107,106,Monumento Balcon de Roca,Balcón de Roca,/Attraction_Review-g312852-d10251302-Reviews-Monumento_Balcon_de_Roca-Rio_Gallegos_Province_of_Santa_Cruz_Patagonia.html,3.0,6,Monuments & Statues,Sitios históricos y arqueológicos,Monumentos y estatuas,,,,,-51.62075,-69.20726,0
108,107,Gruta de Lourdes,Gruta de Lourdes,/Attraction_Review-g887127-d8130028-Reviews-Gruta_de_Lourdes-Puerto_Deseado_Province_of_Santa_Cruz_Patagonia.html,4.0,27,Religious Sites,Áreas naturales,"Grutas, cuevas y playas",,,,,-47.6892758,-66.0137446,1
109,108,Museo Britanico,Club Británico,/Attraction_Review-g312852-d14118123-Reviews-Museo_Britanico-Rio_Gallegos_Province_of_Santa_Cruz_Patagonia.html,4.0,2,Speciality Museums,Museos,Museos,,,,,-51.621204,-69.215591,0
110,109,Museo de la Prefectura Naval Argentina,Museo de la Prefectura Naval Argentina,/Attraction_Review-g312852-d10239041-Reviews-Museo_de_la_Prefectura_Naval_Argentina-Rio_Gallegos_Province_of_Santa_Cruz_Patag.html,4.0,4,Military Museums â€¢ Speciality Museums,Museos,Museos,,,,,-51.62384,-69.207283,0
111,110,Soldier Jose Honorio Ortega Monolith,Soldado José Honorio Ortega,/Attraction_Review-g312852-d10246399-Reviews-Soldier_Jose_Honorio_Ortega_Monolith-Rio_Gallegos_Province_of_Santa_Cruz_Patagon.html,4.0,1,Points of Interest & Landmarks,Sitios históricos y arqueológicos,Monumentos y estatuas,,,,,-51.628105,-69.200485,0
112,111,Cabo Blanco,Cabo Blanco,/Attraction_Review-g887127-d10089042-Reviews-Cabo_Blanco-Puerto_Deseado_Province_of_Santa_Cruz_Patagonia.html,4.5,10,Nature & Wildlife Areas,Áreas naturales,Miradores,,,,,-47.205,-65.7388889,1
113,112,Monumento al Gral Julio Argentino Roca,Monumento Gral. J. A. Roca,/Attraction_Review-g312852-d10251300-Reviews-Monumento_al_Gral_Julio_Argentino_Roca-Rio_Gallegos_Province_of_Santa_Cruz_Patag.html,3.0,3,Monuments & Statues,Sitios históricos y arqueológicos,Monumentos y estatuas,,,,,-51.643108,-69.233414,0
114,113,Centro de Informacion Turistica,Centro de Información Turística - Rio Gallegos,/Attraction_Review-g312852-d10251297-Reviews-Centro_de_Informacion_Turistica-Rio_Gallegos_Province_of_Santa_Cruz_Patagonia.html,3.0,5,Visitor Centers,Espacios urbanos,Centros de Información Turística,,,,,-51.632645,-69.224174,0
115,114,Circuito De Las Siete Cuevas,Circuito De Las Siete Cuevas,/Attraction_Review-g887127-d9597435-Reviews-Circuito_De_Las_Siete_Cuevas-Puerto_Deseado_Province_of_Santa_Cruz_Patagonia.html,3.5,17,Caverns & Caves,Áreas naturales,"Grutas, cuevas y playas",,,,,-47.7504784,-65.8615119,1
116,115,Museo Mario Brozosky,Museo Mario Brozosky,/Attraction_Review-g887127-d8120746-Reviews-Museo_Mario_Brozosky-Puerto_Deseado_Province_of_Santa_Cruz_Patagonia.html,4.5,20,Speciality Museums,Museos,Museos,,,,,-47.754829,-65.901909,0
117,116,EL Coche Reservado N 502,El coche reservado Nº 502,/Attraction_Review-g887127-d8779477-Reviews-EL_Coche_Reservado_N_502-Puerto_Deseado_Province_of_Santa_Cruz_Patagonia.html,3.5,14,Points of Interest & Landmarks,Sitios históricos y arqueológicos,Sitios históricos,,,,,-46.539181,-68.950142,0
118,117,Trayecto Patagonico,Trayecto Patagónico,/Attraction_Review-g312851-d11663863-Reviews-Trayecto_Patagonico-El_Calafate_Province_of_Santa_Cruz_Patagonia.html,5.0,242,Taxis & Shuttles,Prestadores turísticos,Transporte,Lago Argentino,El Calafate,1.0,1.0,-50.331879,-72.263603,0
119,118,Kayak Santa Cruz,Kayak Santa Cruz,/Attraction_Review-g312851-d8817956-Reviews-Kayak_Santa_Cruz-El_Calafate_Province_of_Santa_Cruz_Patagonia.html,5.0,396,Kayaking & Canoeing,Prestadores turísticos,Excursiones y aventura,Lago Argentino,El Calafate,1.0,1.0,-50.3379022,-72.2666166,0
120,119,Indigo Sud Traslados privados en El Calafate,Indigo Sud,/Attraction_Review-g312851-d10306987-Reviews-Indigo_Sud_Traslados_privados_en_El_Calafate-El_Calafate_Province_of_Santa_Cruz_.html,5.0,225,Taxis & Shuttles,Prestadores turísticos,Transporte,Lago Argentino,El Calafate,1.0,1.0,-50.469318,-73.032822,0
121,120,Taxi Remis Calafate Traslados TurÃ­sticos en El Calafate,Taxi Remis Calafate Traslados Turísticos,/Attraction_Review-g312851-d14095119-Reviews-Taxi_Remis_Calafate_Traslados_Turisticos_en_El_Calafate-El_Calafate_Province_of_.html,5.0,139,Taxis & Shuttles,Prestadores turísticos,Transporte,Lago Argentino,El Calafate,1.0,1.0,-50.339443,-72.264664,0
122,121,Vamos Calafate,Vamos Calafate,/Attraction_Review-g312851-d8331778-Reviews-Vamos_Calafate-El_Calafate_Province_of_Santa_Cruz_Patagonia.html,5.0,223,Taxis & Shuttles,Prestadores turísticos,Transporte,Lago Argentino,El Calafate,1.0,1.0,-50.342106,-72.287628,0
123,122,Amayco Turismo y Expediciones,Amayco Turismo y Expediciones,/Attraction_Review-g312851-d6731671-Reviews-Amayco_Turismo_y_Expediciones-El_Calafate_Province_of_Santa_Cruz_Patagonia.html,5.0,154,Sightseeing Tours â€¢ Private Tours,Prestadores turísticos,Excursiones y aventura,Lago Argentino,El Calafate,1.0,1.0,-50.338383,-72.2516352,1
124,123,Darwin Expediciones,Darwin Expediciones,/Attraction_Review-g887127-d2664546-Reviews-Darwin_Expediciones-Puerto_Deseado_Province_of_Santa_Cruz_Patagonia.html,5.0,151,Sightseeing Tours,Prestadores turísticos,Excursiones y aventura,Deseado,Puerto Deseado,1.0,1.0,-47.7509308,-65.9195557,1
125,124,Enjoy!,Enjoy!,/Attraction_Review-g312851-d2619066-Reviews-Enjoy-El_Calafate_Province_of_Santa_Cruz_Patagonia.html,5.0,229,Other Outdoor Activities,Prestadores turísticos,Excursiones y aventura,Lago Argentino,El Calafate,1.0,1.0,-50.357155,-72.242645,0
126,125,Cruceros MarPatag,Cruceros MarPatag,/Attraction_Review-g312851-d2062897-Reviews-Cruceros_MarPatag-El_Calafate_Province_of_Santa_Cruz_Patagonia.html,5.0,1566,Multi-day Tours â€¢ Boat Tours,Prestadores turísticos,Excursiones y aventura,Lago Argentino,El Calafate,1.0,1.0,-50.338548,-72.2683725,1
127,126,Iceberg Turismo,Iceberg Turismo,/Attraction_Review-g312851-d17380038-Reviews-Iceberg_Turismo-El_Calafate_Province_of_Santa_Cruz_Patagonia.html,5.0,101,Eco Tours â€¢ Nature & Wildlife Tours,Prestadores turísticos,Excursiones y aventura,Lago Argentino,El Calafate,1.0,1.0,-50.3426361,-72.2750396,1
128,127,Patagonia Profunda,Patagonia Profunda,/Attraction_Review-g312851-d2352525-Reviews-Patagonia_Profunda-El_Calafate_Province_of_Santa_Cruz_Patagonia.html,4.5,425,Multi-day Tours â€¢ Safaris,Prestadores turísticos,Excursiones y aventura,Lago Argentino,El Calafate,1.0,1.0,-50.3463003,-72.2502407,1
129,128,Azules Arte en Turismo,Azules Arte en Turismo,/Attraction_Review-g312851-d10112788-Reviews-Azules_Arte_en_Turismo-El_Calafate_Province_of_Santa_Cruz_Patagonia.html,5.0,100,Eco Tours â€¢ Sightseeing Tours,Prestadores turísticos,Excursiones y aventura,Lago Argentino,El Calafate,1.0,1.0,-50.3396363,-72.2842432,1
130,129,Hielo y Aventura,Hielo y Aventura,/Attraction_Review-g312851-d1633688-Reviews-Hielo_y_Aventura-El_Calafate_Province_of_Santa_Cruz_Patagonia.html,4.5,3406,Boat Tours â€¢ Climbing Tours,Prestadores turísticos,Excursiones y aventura,Lago Argentino,El Calafate,1.0,1.0,-50.338044,-72.2620277,1
131,130,MilOutdoor,Mil Outdoor,/Attraction_Review-g312851-d2177331-Reviews-MilOutdoor-El_Calafate_Province_of_Santa_Cruz_Patagonia.html,5.0,478,"River Rafting & Tubing â€¢ 4WD, ATV & Off-Road Tours",Prestadores turísticos,Excursiones y aventura,Lago Argentino,El Calafate,1.0,1.0,-50.3381716,-72.2635488,1
132,131,Serac Expediciones,Serac Expediciones,/Attraction_Review-g316035-d4699003-Reviews-Serac_Expediciones-El_Chalten_Province_of_Santa_Cruz_Patagonia.html,5.0,144,Sightseeing Tours â€¢ Hiking & Camping Tours,Prestadores turísticos,Excursiones y aventura,Lago Argentino,El Chaltén,1.0,1.0,-49.3290329,-72.8875266,1
133,132,Cabalgata del Glaciar,Cabalgata del Glaciar,/Attraction_Review-g312851-d2481812-Reviews-Cabalgata_del_Glaciar-El_Calafate_Province_of_Santa_Cruz_Patagonia.html,5.0,196,Horseback Riding Tours,Prestadores turísticos,Excursiones y aventura,Lago Argentino,El Calafate,1.0,1.0,-50.3402138,-72.2705078,1
134,133,Chelenco Tours,Chelenco Tours,/Attraction_Review-g1673177-d4106757-Reviews-Chelenco_Tours-Los_Antiguos_Province_of_Santa_Cruz_Patagonia.html,4.5,202,Eco Tours â€¢ Nature & Wildlife Tours,Prestadores turísticos,Excursiones y aventura,Lago Buenos Aires,Los Antiguos,1.0,1.0,-46.547467,-71.614894,1
135,134,Tolkeyen Patagonia Turismo,Tolkeyen Patagonia Turismo,/Attraction_Review-g312851-d10050428-Reviews-Tolkeyen_Patagonia_Turismo-El_Calafate_Province_of_Santa_Cruz_Patagonia.html,4.5,453,Taxis & Shuttles â€¢ Boat Tours,Prestadores turísticos,Excursiones y aventura,Lago Argentino,El Calafate,1.0,1.0,-50.3379786,-72.2656603,1
136,135,Spa Yaten,Spa Yaten,/Attraction_Review-g316035-d3929151-Reviews-Spa_Yaten-El_Chalten_Province_of_Santa_Cruz_Patagonia.html,5.0,139,Spas,Prestadores turísticos,,Lago Argentino,El Chaltén,0.0,1.0,-49.33054,-72.88602,1
137,136,Mountaineering Patagonia,Mountaineering Patagonia,/Attraction_Review-g316035-d4324362-Reviews-Mountaineering_Patagonia-El_Chalten_Province_of_Santa_Cruz_Patagonia.html,5.0,127,Nature & Wildlife Tours,Prestadores turísticos,Excursiones y aventura,Lago Argentino,El Chaltén,1.0,1.0,-49.323523,-72.894586,0
138,137,Estancia Cristina,Estancia Cristina,/Attraction_Review-g312851-d313745-Reviews-Estancia_Cristina-El_Calafate_Province_of_Santa_Cruz_Patagonia.html,4.5,2404,"4WD, ATV & Off-Road Tours â€¢ Fishing Charters & Tours",Prestadores turísticos,Turismo rural,Lago Argentino,El Calafate,1.0,1.0,-49.9616423,-73.1310871,1
139,138,Calafate Mountain Park,Calafate Mountain Park,/Attraction_Review-g312851-d4759245-Reviews-Calafate_Mountain_Park-El_Calafate_Province_of_Santa_Cruz_Patagonia.html,4.5,348,"River Rafting & Tubing â€¢ 4WD, ATV & Off-Road Tours",Prestadores turísticos,Excursiones y aventura,Lago Argentino,El Calafate,1.0,1.0,-50.3989196,-72.315713,1
140,139,Cerro Frias,Cerro Frías,/Attraction_Review-g312851-d1547492-Reviews-Cerro_Frias-El_Calafate_Province_of_Santa_Cruz_Patagonia.html,4.5,567,"4WD, ATV & Off-Road Tours â€¢ Zipline & Aerial Adventure Parks",Prestadores turísticos,Excursiones y aventura,Lago Argentino,El Calafate,1.0,1.0,-50.3541667,-72.6366667,0
141,140,Ves,Ves,/Attraction_Review-g312851-d10131882-Reviews-Ves-El_Calafate_Province_of_Santa_Cruz_Patagonia.html,4.5,478,Taxis & Shuttles,Prestadores turísticos,Transporte,Lago Argentino,El Calafate,1.0,1.0,-50.2840716,-72.0543919,1
142,141,Blue Calafate,Blue Calafate,/Attraction_Review-g312851-d14098526-Reviews-Blue_Calafate-El_Calafate_Province_of_Santa_Cruz_Patagonia.html,5.0,52,Taxis & Shuttles,Prestadores turísticos,Transporte,,,,,-50.336746,-72.265167,0
143,142,El Calafate Tours by Say Hueque,Say Hueque Tours,/Attraction_Review-g312851-d16844454-Reviews-El_Calafate_Tours_by_Say_Hueque-El_Calafate_Province_of_Santa_Cruz_Patagonia.html,4.5,164,Multi-day Tours â€¢ Hiking & Camping Tours,Prestadores turísticos,Excursiones y aventura,Lago Argentino,El Calafate,1.0,1.0,-50.338548,-72.2683725,1
144,143,Patagonia Hikes,Patagonia Hikes,/Attraction_Review-g316035-d552856-Reviews-Patagonia_Hikes-El_Chalten_Province_of_Santa_Cruz_Patagonia.html,4.5,191,Hiking Trails â€¢ Day Trips,Prestadores turísticos,Excursiones y aventura,Lago Argentino,El Chaltén,1.0,1.0,-49.3314941,-72.886325,1
145,144,Mundo Austral,Mundo Austral,/Attraction_Review-g312851-d11726415-Reviews-Mundo_Austral-El_Calafate_Province_of_Santa_Cruz_Patagonia.html,4.5,145,"4WD, ATV & Off-Road Tours â€¢ Boat Tours",Prestadores turísticos,Excursiones y aventura,Lago Argentino,El Calafate,1.0,1.0,-50.3378506,-72.2646235,1
146,145,Walk Patagonia,Walk Patagonia,/Attraction_Review-g316035-d2414673-Reviews-Walk_Patagonia-El_Chalten_Province_of_Santa_Cruz_Patagonia.html,5.0,120,Walking Tours â€¢ Eco Tours,Prestadores turísticos,Excursiones y aventura,Lago Argentino,El Chaltén,1.0,1.0,-49.3314591,-72.8880738,1
147,146,Glaciar Sur,Glaciar Sur,/Attraction_Review-g312851-d7592289-Reviews-Glaciar_Sur-El_Calafate_Province_of_Santa_Cruz_Patagonia.html,5.0,85,Nature & Wildlife Tours,Prestadores turísticos,Excursiones y aventura,Lago Argentino,El Calafate,1.0,1.0,-50.3380027,-72.2659449,1
148,147,Todo Glaciares Tour,Todo Glaciares Tour,/Attraction_Review-g312851-d1988819-Reviews-Todo_Glaciares_Tour-El_Calafate_Province_of_Santa_Cruz_Patagonia.html,4.5,459,Sightseeing Tours,Prestadores turísticos,Excursiones y aventura,Lago Argentino,El Calafate,1.0,1.0,-50.337969,-72.2647982,1
149,148,Tangol El Calafate,Tangol El Calafate,/Attraction_Review-g312851-d20895961-Reviews-Tangol_El_Calafate-El_Calafate_Province_of_Santa_Cruz_Patagonia.html,4.5,187,Multi-day Tours â€¢ Taxis & Shuttles,Prestadores turísticos,Excursiones y aventura,Lago Argentino,El Calafate,1.0,1.0,-50.337969,-72.2647982,1
150,149,Calafate Extremo,Calafate Extremo,/Attraction_Review-g312851-d1967568-Reviews-Calafate_Extremo-El_Calafate_Province_of_Santa_Cruz_Patagonia.html,4.5,173,"4WD, ATV & Off-Road Tours",Prestadores turísticos,Excursiones y aventura,Lago Argentino,El Calafate,1.0,1.0,-50.3383394,-72.2663547,1
151,150,Yeti Ice Bar,Yeti Ice Bar,/Attraction_Review-g312851-d9858544-Reviews-Yeti_Ice_Bar-El_Calafate_Province_of_Santa_Cruz_Patagonia.html,4.0,437,Bars & Clubs,Prestadores turísticos,Comercio y gastronomía,Lago Argentino,El Calafate,1.0,1.0,-50.338547,-72.269424,0
152,151,La Tienda de Vinos,La Tienda de Vinos,/Attraction_Review-g312851-d1546200-Reviews-La_Tienda_de_Vinos-El_Calafate_Province_of_Santa_Cruz_Patagonia.html,5.0,79,Coffeehouses â€¢ Wine Bars,Prestadores turísticos,Comercio y gastronomía,Lago Argentino,El Calafate,1.0,1.0,-50.339691,-72.266838,0
153,152,La Aldea de los Gnomos,La Aldea de los Gnomos,/Attraction_Review-g312851-d3405716-Reviews-La_Aldea_de_los_Gnomos-El_Calafate_Province_of_Santa_Cruz_Patagonia.html,4.0,263,Speciality & Gift Shops,Prestadores turísticos,Comercio y gastronomía,Lago Argentino,El Calafate,1.0,1.0,-50.338215,-72.263229,0
154,153,GlacioBar,GlacioBar,/Attraction_Review-g312851-d6599580-Reviews-GlacioBar-El_Calafate_Province_of_Santa_Cruz_Patagonia.html,4.0,325,Bars & Clubs,Prestadores turísticos,Comercio y gastronomía,Lago Argentino,El Calafate,1.0,1.0,-50.336506,-72.339775,0
155,154,Criollos Turismo,Criollos Turismo,/Attraction_Review-g312851-d15244603-Reviews-Criollos_Turismo-El_Calafate_Province_of_Santa_Cruz_Patagonia.html,4.5,93,"4WD, ATV & Off-Road Tours â€¢ Boat Tours",Prestadores turísticos,Excursiones y aventura,Lago Argentino,El Calafate,1.0,1.0,-50.3378478,-72.2634147,1
156,155,Estancia Nibepo Aike,Estancia Nibepo Aike,/Attraction_Review-g312851-d4327683-Reviews-Estancia_Nibepo_Aike-El_Calafate_Province_of_Santa_Cruz_Patagonia.html,4.5,117,Other Outdoor Activities,Prestadores turísticos,Turismo rural,Lago Argentino,El Calafate,1.0,1.0,-50.640348,-72.8648416,1
157,156,Azul Latina - El Calafate,Azul Latina - El Calafate,/Attraction_Review-g312851-d23695510-Reviews-Azul_Latina_El_Calafate-El_Calafate_Province_of_Santa_Cruz_Patagonia.html,5.0,52,"4WD, ATV & Off-Road Tours â€¢ Nature & Wildlife Tours",Prestadores turísticos,Receptivos,,,,,-50.337969,-72.2647982,1
158,157,Patagonia Dreams,Patagonia Dreams,/Attraction_Review-g312851-d14913221-Reviews-Patagonia_Dreams-El_Calafate_Province_of_Santa_Cruz_Patagonia.html,4.0,161,Taxis & Shuttles â€¢ Boat Tours,Prestadores turísticos,Transporte,Lago Argentino,El Calafate,1.0,1.0,-50.3385443,-72.2695406,1
159,158,SOUTHROAD,SouthRoad,/Attraction_Review-g312851-d17351625-Reviews-SOUTHROAD-El_Calafate_Province_of_Santa_Cruz_Patagonia.html,4.5,97,"Multi-day Tours â€¢ 4WD, ATV & Off-Road Tours",Prestadores turísticos,Excursiones y aventura,Lago Argentino,El Calafate,1.0,1.0,-50.3383652,-72.2667634,1
160,159,Chalten Mountain Guides,Chalten Mountain Guides,/Attraction_Review-g316035-d10019292-Reviews-Chalten_Mountain_Guides-El_Chalten_Province_of_Santa_Cruz_Patagonia.html,5.0,44,Ski & Snow Tours â€¢ Climbing Tours,Prestadores turísticos,Receptivos,,,,,-49.331021,-72.882339,1
161,160,Viento a Favor,Paseo de Los Artesanos,/Attraction_Review-g316035-d12652179-Reviews-Viento_a_Favor-El_Chalten_Province_of_Santa_Cruz_Patagonia.html,4.5,36,Bike Tours â€¢ Nature & Wildlife Tours,Prestadores turísticos,Receptivos,,,,,-49.3264887,-72.8901749,1
162,161,TodoCalafate,TodoCalafate,/Attraction_Review-g312851-d1483351-Reviews-TodoCalafate-El_Calafate_Province_of_Santa_Cruz_Patagonia.html,4.5,91,Sightseeing Tours,Prestadores turísticos,Excursiones y aventura,Lago Argentino,El Calafate,1.0,1.0,-50.337969,-72.2647982,1
163,162,Puerto Penacho Excursiones,Puerto Penacho Excursiones,/Attraction_Review-g887127-d6648432-Reviews-Puerto_Penacho_Excursiones-Puerto_Deseado_Province_of_Santa_Cruz_Patagonia.html,5.0,44,Other Outdoor Activities,Prestadores turísticos,Receptivos,,,,,-47.750332,-65.901489,0
164,163,Los Vikingos,Los Vikingos,/Attraction_Review-g887127-d10006480-Reviews-Los_Vikingos-Puerto_Deseado_Province_of_Santa_Cruz_Patagonia.html,5.0,35,Boat Tours â€¢ Dolphin & Whale Watching,Prestadores turísticos,Receptivos,,,,,-47.7567953,-65.9015402,1
165,164,Anfibio Adventure Tourism,Anfibio Turismo,/Attraction_Review-g316035-d15610193-Reviews-Anfibio_Adventure_Tourism-El_Chalten_Province_of_Santa_Cruz_Patagonia.html,5.0,24,Scuba & Snorkelling â€¢ Eco Tours,Prestadores turísticos,Receptivos,,,,,-49.3292785,-72.8920031,1
166,165,Gray Line Argentina,Gray Line Argentina,/Attraction_Review-g312851-d2038345-Reviews-Gray_Line_Argentina-El_Calafate_Province_of_Santa_Cruz_Patagonia.html,4.0,100,Sightseeing Tours,Prestadores turísticos,Excursiones y aventura,Lago Argentino,El Calafate,1.0,1.0,-50.337969,-72.2647982,1
167,166,Patagonia Night,Patagonia Night,/Attraction_Review-g312851-d21234094-Reviews-Patagonia_Night-El_Calafate_Province_of_Santa_Cruz_Patagonia.html,4.5,52,Nature & Wildlife Tours,Prestadores turísticos,Receptivos,,,,,-50.3478607,-72.2746063,1
168,167,Hls Travesias,Hls Travesias,/Attraction_Review-g312851-d10387725-Reviews-Hls_Travesias-El_Calafate_Province_of_Santa_Cruz_Patagonia.html,5.0,32,Bike Tours,Prestadores turísticos,Receptivos,,,,,-50.336944,-72.2618302,1
169,168,Rent My Bike,Rent My Bike,/Attraction_Review-g312851-d8761578-Reviews-Rent_My_Bike-El_Calafate_Province_of_Santa_Cruz_Patagonia.html,5.0,34,Gear Rentals,Prestadores turísticos,Transporte,,,,,-50.337969,-72.2647982,1
170,169,VIAJAR  EN PATAGONIA,Viajar en Patagonia,/Attraction_Review-g312851-d18850692-Reviews-VIAJAR_EN_PATAGONIA-El_Calafate_Province_of_Santa_Cruz_Patagonia.html,5.0,18,Taxis & Shuttles,Prestadores turísticos,Transporte,,,,,-50.337969,-72.2647982,1
171,170,Aike Traslados,Aike Traslados,/Attraction_Review-g312851-d15013307-Reviews-Aike_Traslados-El_Calafate_Province_of_Santa_Cruz_Patagonia.html,4.5,40,Taxis & Shuttles â€¢ Nature & Wildlife Tours,Prestadores turísticos,Transporte,,,,,-50.3367255,-72.2680698,1
172,171,Patagonian Wind Transfers,Patagonian Wind Transfers,/Attraction_Review-g312851-d12882230-Reviews-Patagonian_Wind_Transfers-El_Calafate_Province_of_Santa_Cruz_Patagonia.html,5.0,28,Taxis & Shuttles,Prestadores turísticos,Transporte,,,,,-50.347809,-72.241478,0
173,172,TRASLADOS EL CALAFATE,Traslados El Calafate,/Attraction_Review-g312851-d20621732-Reviews-TRASLADOS_EL_CALAFATE-El_Calafate_Province_of_Santa_Cruz_Patagonia.html,5.0,18,Taxis & Shuttles,Prestadores turísticos,Transporte,,,,,-50.344318,-72.27446,0
174,173,Puerto de Frutos,Puerto de Frutos,/Attraction_Review-g312851-d4555847-Reviews-Puerto_de_Frutos-El_Calafate_Province_of_Santa_Cruz_Patagonia.html,4.0,66,Speciality & Gift Shops,Prestadores turísticos,Comercio y gastronomía,,,,,-50.338081,-72.26609,0
175,174,Vellon Negro,Vellon Negro,/Attraction_Review-g312851-d13224601-Reviews-Vellon_Negro-El_Calafate_Province_of_Santa_Cruz_Patagonia.html,5.0,23,Speciality & Gift Shops,Prestadores turísticos,Comercio y gastronomía,,,,,-50.338356,-72.271088,0
176,175,Gooshe Aike,Gooshe Aike,/Attraction_Review-g312851-d10139402-Reviews-Gooshe_Aike-El_Calafate_Province_of_Santa_Cruz_Patagonia.html,4.5,29,Boat Tours â€¢ Sightseeing Tours,Prestadores turísticos,Receptivos,,,,,-50.356076,-72.250991,1
177,176,Mirador del Rio de las Vueltas,Mirador del Río de las Vueltas,/Attraction_Review-g316035-d7238621-Reviews-Mirador_del_Rio_de_las_Vueltas-El_Chalten_Province_of_Santa_Cruz_Patagonia.html,4.5,58,Other Outdoor Activities,Áreas naturales,Miradores,,,,,-49.3186463,-72.896047,1
178,177,Glaciar Turismo,Glaciar Turismo,/Attraction_Review-g312851-d19846557-Reviews-Glaciar_Turismo-El_Calafate_Province_of_Santa_Cruz_Patagonia.html,5.0,20,"4WD, ATV & Off-Road Tours â€¢ Taxis & Shuttles",Prestadores turísticos,Receptivos,,,,,-50.3348951,-72.2536393,1
179,178,Cabalgatas Rio Mitre,Cabalgatas Río Mitre,/Attraction_Review-g312851-d2662492-Reviews-Cabalgatas_Rio_Mitre-El_Calafate_Province_of_Santa_Cruz_Patagonia.html,4.5,42,Nature & Wildlife Tours,Prestadores turísticos,Receptivos,,,,,-50.337969,-72.2647982,1
180,179,El Relincho,El Relincho,/Attraction_Review-g316035-d2520987-Reviews-El_Relincho-El_Chalten_Province_of_Santa_Cruz_Patagonia.html,4.0,94,Horseback Riding Tours,Prestadores turísticos,Excursiones y aventura,Lago Argentino,El Chaltén,1.0,1.0,-49.325901,-72.890579,0
181,180,Chacra Don Neno,Chacra Don Neno,/Attraction_Review-g1673177-d10200875-Reviews-Chacra_Don_Neno-Los_Antiguos_Province_of_Santa_Cruz_Patagonia.html,4.5,35,Speciality & Gift Shops â€¢ Farms,Prestadores turísticos,Comercio y gastronomía,,,,,-46.547874,-71.635422,0
182,181,EBBikes,EBBikes,/Attraction_Review-g312851-d17735856-Reviews-EBBikes-El_Calafate_Province_of_Santa_Cruz_Patagonia.html,5.0,16,Adrenaline & Extreme Tours â€¢ Taxis & Shuttles,Prestadores turísticos,Receptivos,,,,,-50.337969,-72.2647982,1
183,182,El Chalten Anglers,El Chalten Anglers,/Attraction_Review-g316035-d4703341-Reviews-El_Chalten_Anglers-El_Chalten_Province_of_Santa_Cruz_Patagonia.html,4.5,42,Fishing Charters & Tours,Prestadores turísticos,Receptivos,,,,,-49.3314941,-72.886325,1
184,183,Agencia Taxi y Remis El Puma,Agencia Taxi y Remis El Puma,/Attraction_Review-g312851-d15348121-Reviews-Agencia_Taxi_y_Remis_El_Puma-El_Calafate_Province_of_Santa_Cruz_Patagonia.html,5.0,12,Taxis & Shuttles,Prestadores turísticos,Transporte,,,,,-50.3403099,-72.2737396,1
185,184,Taxi Condor Agencia de Remis,Taxi Cóndor,/Attraction_Review-g312851-d10721441-Reviews-Taxi_Condor_Agencia_de_Remis-El_Calafate_Province_of_Santa_Cruz_Patagonia.html,4.0,58,Taxis & Shuttles,Prestadores turísticos,Transporte,,,,,-50.337643,-72.266739,0
186,185,Baft,Baft,/Attraction_Review-g312851-d7106827-Reviews-Baft-El_Calafate_Province_of_Santa_Cruz_Patagonia.html,4.5,37,"4WD, ATV & Off-Road Tours â€¢ Adrenaline & Extreme Tours",Prestadores turísticos,Receptivos,,,,,-50.3374926,-72.2649589,1
187,186,Cabalgata en Patagonia,Cabalgata en Patagonia,/Attraction_Review-g312851-d8445021-Reviews-Cabalgata_en_Patagonia-El_Calafate_Province_of_Santa_Cruz_Patagonia.html,4.5,42,Sightseeing Tours â€¢ Horse-Drawn Carriage Tours,Prestadores turísticos,Receptivos,,,,,-50.337969,-72.2647982,1
188,187,Transporte LAS LENGAS,Transporte LAS LENGAS,/Attraction_Review-g316035-d11912104-Reviews-Transporte_LAS_LENGAS-El_Chalten_Province_of_Santa_Cruz_Patagonia.html,4.0,114,Taxis & Shuttles,Prestadores turísticos,Transporte,Lago Argentino,El Chaltén,1.0,1.0,-49.3322303,-72.8829881,1
189,188,MCR Servicios Turisticos,MCR Servicios Turísticos,/Attraction_Review-g312851-d19787506-Reviews-MCR_Servicios_Turisticos-El_Calafate_Province_of_Santa_Cruz_Patagonia.html,5.0,13,Taxis & Shuttles,Prestadores turísticos,Transporte,,,,,-50.337969,-72.2647982,1
190,189,Solo Patagonia S.A. Day Tours,Solo Patagonia,/Attraction_Review-g312851-d2613402-Reviews-Solo_Patagonia_S_A_Day_Tours-El_Calafate_Province_of_Santa_Cruz_Patagonia.html,3.5,220,Boat Tours,Prestadores turísticos,Excursiones y aventura,Lago Argentino,El Calafate,1.0,1.0,-50.3386116,-72.2673262,1
191,190,Cal Tur Travel And Tourism,CALTUR,/Attraction_Review-g316035-d7658165-Reviews-Cal_Tur_Travel_And_Tourism-El_Chalten_Province_of_Santa_Cruz_Patagonia.html,3.5,82,Bus Services â€¢ Sightseeing Tours,Prestadores turísticos,Transporte,Lago Argentino,El Calafate,1.0,1.0,-50.3379036,-72.2640403,1
192,191,Fitz Roy Expediciones,Fitz Roy Expediciones,/Attraction_Review-g316035-d12873156-Reviews-Fitz_Roy_Expediciones-El_Chalten_Province_of_Santa_Cruz_Patagonia.html,4.5,13,Multi-day Tours â€¢ Ski & Snow Tours,Prestadores turísticos,Receptivos,repetido 255,,,,-49.3304491,-72.8861306,1
193,192,Calafate Exclusivo,Calafate Exclusivo,/Attraction_Review-g312851-d13148372-Reviews-Calafate_Exclusivo-El_Calafate_Province_of_Santa_Cruz_Patagonia.html,5.0,12,Taxis & Shuttles,Prestadores turísticos,Transporte,,,,,-50.337974,-72.2649736,1
194,193,Arte Indio,Arte Indio,/Attraction_Review-g312851-d5484260-Reviews-Arte_Indio-El_Calafate_Province_of_Santa_Cruz_Patagonia.html,3.5,96,Speciality & Gift Shops,Prestadores turísticos,Comercio y gastronomía,Lago Argentino,El Calafate,1.0,1.0,-50.337883,-72.264893,0
195,194,Chalten Travel Rent A Car,Chalten Travel Rent A Car,/Attraction_Review-g312851-d20105146-Reviews-Chalten_Travel_Rent_A_Car-El_Calafate_Province_of_Santa_Cruz_Patagonia.html,4.5,17,"Multi-day Tours â€¢ 4WD, ATV & Off-Road Tours",Prestadores turísticos,Receptivos,,,,,-50.3379694,-72.2657329,1
196,195,Marcopolo Bookstore,Marcopolo,/Attraction_Review-g316035-d7244897-Reviews-Marcopolo_Bookstore-El_Chalten_Province_of_Santa_Cruz_Patagonia.html,4.5,16,Speciality & Gift Shops,Prestadores turísticos,Comercio y gastronomía,,,,,-49.3324027,-72.8852814,1
197,196,Shackleton Solo,Shackleton Solo,/Attraction_Review-g312851-d16907429-Reviews-Shackleton_Solo-El_Calafate_Province_of_Santa_Cruz_Patagonia.html,4.5,14,Bars & Clubs â€¢ Jazz Bars,Prestadores turísticos,Comercio y gastronomía,,,,,-50.340305,-72.29911,0
198,197,Patagonia Ascent,Patagonia Ascent,/Attraction_Review-g316035-d12941928-Reviews-Patagonia_Ascent-El_Chalten_Province_of_Santa_Cruz_Patagonia.html,5.0,8,Climbing Tours,Prestadores turísticos,Receptivos,,,,,-49.3249342,-72.8931705,1
199,198,South Road Patagonia Extrema,South Road Patagonia Extrema,/Attraction_Review-g312851-d15740245-Reviews-South_Road_Patagonia_Extrema-El_Calafate_Province_of_Santa_Cruz_Patagonia.html,4.0,18,Multi-day Tours â€¢ Hiking & Camping Tours,Prestadores turísticos,Receptivos,,,,,-50.3383652,-72.2667634,1
200,199,Explora Calafate,Explora Calafate,/Attraction_Review-g312851-d13962106-Reviews-Explora_Calafate-El_Calafate_Province_of_Santa_Cruz_Patagonia.html,5.0,8,Boat Tours â€¢ Climbing Tours,Prestadores turísticos,Receptivos,,,,,-50.337969,-72.2647982,1
201,200,Wikibus,Wikibus,/Attraction_Review-g312851-d11747602-Reviews-Wikibus-El_Calafate_Province_of_Santa_Cruz_Patagonia.html,4.5,13,Bus Services,Prestadores turísticos,Transporte,,,,,-50.337969,-72.2647982,1
202,201,Prestigio Operadores ,Prestigio Operadores Receptivos,/Attraction_Review-g312851-d17338438-Reviews-Prestigio_Operadores_Receptivos-El_Calafate_Province_of_Santa_Cruz_Patagonia.html,4.5,8,Boat Tours â€¢ Eco Tours,Prestadores turísticos,Receptivos,,,,,-50.3386205,-72.2594157,1
203,202,Transfer Turismo Andrada,Transfer Turismo Andrada,/Attraction_Review-g312851-d12133590-Reviews-Transfer_Turismo_Andrada-El_Calafate_Province_of_Santa_Cruz_Patagonia.html,5.0,8,Taxis & Shuttles,Prestadores turísticos,Transporte,,,,,-50.343086,-72.288864,0
204,203,Excursiones Pinocho,Excursiones Pinocho,/Attraction_Review-g1857763-d3936870-Reviews-Excursiones_Pinocho-Puerto_San_Julian_Province_of_Santa_Cruz_Patagonia.html,4.5,13,Sightseeing Tours,Prestadores turísticos,Receptivos,,,,,-49.3139766,-67.7143142,1
205,204,Zoyen Turismo,Zoyen Turismo,/Attraction_Review-g1949199-d12234202-Reviews-Zoyen_Turismo-Perito_Moreno_Province_of_Santa_Cruz_Patagonia.html,4.0,25,Sightseeing Tours â€¢ Private Tours,Prestadores turísticos,Receptivos,,,,,-46.582924,-70.9274074,1
206,205,Mirador de las Aguilas,Mirador de las Águilas,/Attraction_Review-g316035-d20360465-Reviews-Mirador_de_las_Aguilas-El_Chalten_Province_of_Santa_Cruz_Patagonia.html,4.5,6,Lookouts,Áreas naturales,Miradores,,,,,-49.3486902,-72.8715114,1
207,206,Gigantes Patagones,Gigantes Patagones,/Attraction_Review-g312851-d16942582-Reviews-Gigantes_Patagones-El_Calafate_Province_of_Santa_Cruz_Patagonia.html,4.5,7,Food Tours â€¢ Day Trips,Prestadores turísticos,Receptivos,,,,,-50.3387133,-72.2685377,1
208,207,Calafate Walking Tour,Calafate Walking Tour,/Attraction_Review-g312851-d20097738-Reviews-Calafate_Walking_Tour-El_Calafate_Province_of_Santa_Cruz_Patagonia.html,5.0,5,Walking Tours,Prestadores turísticos,Receptivos,,,,,-50.337969,-72.2647982,1
209,208,Uco Wine Shop,Uco Wine Shop,/Attraction_Review-g312851-d13566822-Reviews-Uco_Wine_Shop-El_Calafate_Province_of_Santa_Cruz_Patagonia.html,4.5,6,Wine Bars,Prestadores turísticos,Comercio y gastronomía,,,,,-50.335163,-72.255127,0
210,209,Southern Patagonia Tours,Southern Patagonia Tours,/Attraction_Review-g312852-d20166772-Reviews-Southern_Patagonia_Tours-Rio_Gallegos_Province_of_Santa_Cruz_Patagonia.html,5.0,4,Walking Tours â€¢ Private Tours,Prestadores turísticos,Receptivos,,,,,-50.337969,-72.2647982,1
211,210,Calafate Kayaks,Calafate Kayaks,/Attraction_Review-g312851-d20256748-Reviews-Calafate_Kayaks-El_Calafate_Province_of_Santa_Cruz_Patagonia.html,5.0,4,Kayaking & Canoeing,Prestadores turísticos,Receptivos,,,,,-50.337969,-72.2647982,1
212,211,Southwind Experience,Southwind Experience,/Attraction_Review-g312851-d15220491-Reviews-Southwind_Experience-El_Calafate_Province_of_Santa_Cruz_Patagonia.html,5.0,5,Taxis & Shuttles â€¢ Hiking & Camping Tours,Prestadores turísticos,Transporte,,,,,-50.3390685,-72.2703256,1
213,212,Chacra Las Moras,Chacra Las Moras,/Attraction_Review-g312851-d15365013-Reviews-Chacra_Las_Moras-El_Calafate_Province_of_Santa_Cruz_Patagonia.html,5.0,5,Speciality & Gift Shops,Prestadores turísticos,Comercio y gastronomía,,,,,-50.331203,-72.261475,0
214,213,Argentina Travel Online,Argentina Travel Online,/Attraction_Review-g312851-d17749879-Reviews-Argentina_Travel_Online-El_Calafate_Province_of_Santa_Cruz_Patagonia.html,4.0,8,Multi-day Tours â€¢ River Rafting & Tubing,Prestadores turísticos,Receptivos,,,,,-50.337969,-72.2647982,1
215,214,Aeroclub Rio Gallegos,Aeroclub Río Gallegos,/Attraction_Review-g312852-d12473883-Reviews-Aeroclub_Rio_Gallegos-Rio_Gallegos_Province_of_Santa_Cruz_Patagonia.html,5.0,6,Air Tours,Prestadores turísticos,Entretenimiento,,,,,-51.6679863,-69.2614829,1
216,215,Receptivo Chalten,Receptivo Chaltén,/Attraction_Review-g316035-d19096322-Reviews-Receptivo_Chalten-El_Chalten_Province_of_Santa_Cruz_Patagonia.html,5.0,4,"Multi-day Tours â€¢ 4WD, ATV & Off-Road Tours",Prestadores turísticos,Receptivos,,,,,-49.3300879,-72.8863679,1
217,142,Howlanders - El Calafate tours-,Say Hueque Tours,/Attraction_Review-g312851-d23744660-Reviews-Howlanders_El_Calafate_tours-El_Calafate_Province_of_Santa_Cruz_Patagonia.html,4.5,7,Adrenaline & Extreme Tours â€¢ Boat Tours,Prestadores turísticos,Receptivos,,,,,-50.338548,-72.2683725,1
218,130,Mil Outdoor SA,Mil Outdoor,/Attraction_Review-g312851-d13543111-Reviews-Mil_Outdoor_SA-El_Calafate_Province_of_Santa_Cruz_Patagonia.html,4.0,16,"River Rafting & Tubing â€¢ 4WD, ATV & Off-Road Tours",Prestadores turísticos,Excursiones y aventura,Lago Argentino,El Calafate,1.0,1.0,-50.3381716,-72.2635488,1
219,216,Zona Austral Turismo,Zona Austral Turismo,/Attraction_Review-g316035-d13094656-Reviews-Zona_Austral_Turismo-El_Chalten_Province_of_Santa_Cruz_Patagonia.html,4.0,13,Sightseeing Tours â€¢ Day Trips,Prestadores turísticos,Receptivos,,,,,-49.332735,-72.8847076,1
220,217,Exploradores Lago Del Desierto,Exploradores Lago Del Desierto,/Attraction_Review-g316035-d15855469-Reviews-Exploradores_Lago_Del_Desierto-El_Chalten_Province_of_Santa_Cruz_Patagonia.html,3.5,27,Eco Tours â€¢ Hiking & Camping Tours,Prestadores turísticos,Receptivos,,,,,-49.3315375,-72.8861315,1
221,218,The Gramophone Bar,The Gramophone Bar,/Attraction_Review-g2468334-d10546436-Reviews-The_Gramophone_Bar-Puerto_Santa_Cruz_Province_of_Santa_Cruz_Patagonia.html,4.5,6,Bars & Clubs,Prestadores turísticos,Comercio y gastronomía,,,,,-50.0247276,-68.5243815,1
222,219,Upsala Expediciones,Upsala Expediciones,/Attraction_Review-g312851-d13152551-Reviews-Upsala_Expediciones-El_Calafate_Province_of_Santa_Cruz_Patagonia.html,5.0,4,Boat Tours â€¢ Hiking & Camping Tours,Prestadores turísticos,Receptivos,,,,,-50.3406635,-72.2521219,1
223,220,Polar Bar,Polar Bar,/Attraction_Review-g312851-d16337528-Reviews-Polar_Bar-El_Calafate_Province_of_Santa_Cruz_Patagonia.html,4.0,9,Bars & Clubs,Prestadores turísticos,Comercio y gastronomía,,,,,-50.339981,-72.253036,0
224,221,Patagonia Magica,Patagonia Mágica,/Attraction_Review-g316035-d7220663-Reviews-Patagonia_Magica-El_Chalten_Province_of_Santa_Cruz_Patagonia.html,5.0,6,Other Outdoor Activities,Prestadores turísticos,Receptivos,,,,,-49.3314941,-72.886325,1
225,222,Tiempo Libre,Tiempo Libre,/Attraction_Review-g312851-d20377678-Reviews-Tiempo_Libre-El_Calafate_Province_of_Santa_Cruz_Patagonia.html,4.5,3,City Tours â€¢ Eco Tours,Prestadores turísticos,Receptivos,,,,,-50.3373222,-72.2680084,1
226,223,Zoyen Turismo,Zoyen Turismo,/Attraction_Review-g1673177-d15805446-Reviews-Zoyen_Turismo-Los_Antiguos_Province_of_Santa_Cruz_Patagonia.html,4.5,4,Hiking & Camping Tours,Prestadores turísticos,Receptivos,,,,,-46.5514642,-71.6295709,1
227,224,Punta Walichu,Punta Walichu,/Attraction_Review-g312851-d21104448-Reviews-Punta_Walichu-El_Calafate_Province_of_Santa_Cruz_Patagonia.html,4.5,3,Speciality Museums,Sitios históricos y arqueológicos,Sitios históricos,,,,,-50.2945625,-72.2023125,1
228,225,Mirante Maestri,Mirante Maestri,/Attraction_Review-g316035-d20381056-Reviews-Mirante_Maestri-El_Chalten_Province_of_Santa_Cruz_Patagonia.html,5.0,2,Hiking Trails,Áreas naturales,Senderos,,,,,-49.3166769,-73.005203,1
229,226,Tribus Del Sur,Tribus Del Sur,/Attraction_Review-g312851-d11710143-Reviews-Tribus_Del_Sur-El_Calafate_Province_of_Santa_Cruz_Patagonia.html,4.5,4,Speciality & Gift Shops,Prestadores turísticos,Comercio y gastronomía,,,,,-50.338089,-72.266296,0
230,227,Terminal De Ã“mnibus,Terminal de ómnibus,/Attraction_Review-g316035-d23600390-Reviews-Terminal_De_Omnibus-El_Chalten_Province_of_Santa_Cruz_Patagonia.html,4.5,2,Points of Interest & Landmarks,Prestadores turísticos,Transporte,,,,,-49.330379,-72.885887,0
231,228,Transporte Las Lengas,Transporte Las Lengas,/Attraction_Review-g316035-d17442206-Reviews-Transporte_Las_Lengas-El_Chalten_Province_of_Santa_Cruz_Patagonia.html,4.5,3,Taxis & Shuttles,Prestadores turísticos,Transporte,,,,,-49.3322303,-72.8829881,1
232,229,Espejismo Sur,Espejismo Sur,/Attraction_Review-g312851-d9835232-Reviews-Espejismo_Sur-El_Calafate_Province_of_Santa_Cruz_Patagonia.html,4.5,3,City Tours â€¢ Boat Tours,Prestadores turísticos,Receptivos,,,,,-50.3362277,-72.2648529,1
233,230,Telares Andinos,Telares Andinos,/Attraction_Review-g312851-d3734091-Reviews-Telares_Andinos-El_Calafate_Province_of_Santa_Cruz_Patagonia.html,3.5,9,Speciality & Gift Shops,Prestadores turísticos,Comercio y gastronomía,,,,,-50.339088,-72.27758,0
234,231,Argentina Discovery,Argentina Discovery,/Attraction_Review-g316035-d18930498-Reviews-Argentina_Discovery-El_Chalten_Province_of_Santa_Cruz_Patagonia.html,4.5,2,Multi-day Tours â€¢ Adrenaline & Extreme Tours,Prestadores turísticos,Receptivos,,,,,-49.3314941,-72.886325,1
235,232,El ChaltÃ©n Transfers,El Chaltén Transfers,/Attraction_Review-g312851-d23841403-Reviews-El_Chalten_Transfers-El_Calafate_Province_of_Santa_Cruz_Patagonia.html,5.0,1,Taxis & Shuttles,Prestadores turísticos,Transporte,,,,,-49.3314941,-72.886325,1
236,233,Superlimp Calafate,Superlimp Calafate,/Attraction_Review-g312851-d23701552-Reviews-Superlimp_Calafate-El_Calafate_Province_of_Santa_Cruz_Patagonia.html,0.0,0,Speciality & Gift Shops,Prestadores turísticos,Comercio y gastronomía,,,,,-50.3381367,-72.2737873,1
237,234,NAKEL Viajes EVT - Tours,NAKEL Viajes ,/Attraction_Review-g312851-d5978683-Reviews-NAKEL_Viajes_EVT_Tours-El_Calafate_Province_of_Santa_Cruz_Patagonia.html,5.0,2,Private Tours,Prestadores turísticos,Receptivos,,,,,-50.337969,-72.2647982,1
238,235,Los Glaciares,Parque Nacional Los glaciares,/Attraction_Review-g312851-d23163094-Reviews-Los_Glaciares-El_Calafate_Province_of_Santa_Cruz_Patagonia.html,5.0,1,National Parks â€¢ Nature & Wildlife Areas,Áreas naturales,Parque / Reserva natural,,,,,-50.340752,-72.276817,0
239,191,Fitz Roy Expediciones S.A,Fitz Roy Expediciones,/Attraction_Review-g316035-d20142326-Reviews-Fitz_Roy_Expediciones_S_A-El_Chalten_Province_of_Santa_Cruz_Patagonia.html,5.0,1,Taxis & Shuttles â€¢ Walking Tours,Prestadores turísticos,Transporte,repetido,,,,-49.3304491,-72.8861306,1
240,236,Movete TPA Traslados en El Calafate y El ChaltÃ©n,Movete TPA ,/Attraction_Review-g312851-d19545189-Reviews-Movete_TPA_Traslados_en_El_Calafate_y_El_Chalten-El_Calafate_Province_of_Santa_C.html,5.0,1,Taxis & Shuttles â€¢ Self-Guided Tours & Rentals,Prestadores turísticos,Transporte,,,,,-50.337969,-72.2647982,1
241,237,Ebbikes,EVOBIKES,/Attraction_Review-g312851-d17766675-Reviews-Ebbikes-El_Calafate_Province_of_Santa_Cruz_Patagonia.html,5.0,1,Gear Rentals,Prestadores turísticos,Transporte,,,,,-50.334724,-72.31649,0
242,238,Always Glaciers,Always Glaciers,/Attraction_Review-g312851-d20343645-Reviews-Always_Glaciers-El_Calafate_Province_of_Santa_Cruz_Patagonia.html,3.5,3,Hiking & Camping Tours â€¢ Bus Tours,Prestadores turísticos,Receptivos,,,,,-50.3379027,-72.261962,1
243,239,Traslados Calafate,Traslados Calafate,/Attraction_Review-g312851-d17545423-Reviews-Traslados_Calafate-El_Calafate_Province_of_Santa_Cruz_Patagonia.html,3.5,3,Multi-day Tours â€¢ Taxis & Shuttles,Prestadores turísticos,Transporte,,,,,-50.3407824,-72.2792311,1
244,240,Museo FacÃ³n Grande,Museo Facón Grande,/Attraction_Review-g23902725-d23900802-Reviews-Museo_Facon_Grande-Jaramillo_Province_of_Santa_Cruz_Patagonia.html,4.0,1,History Museums,Museos,Museos,,,,,-47.1848568,-67.1425766,1
245,241,Otra Mirada Daniel Tonina FotografÃ­a,Otra Mirada,/Attraction_Review-g312851-d11848143-Reviews-Otra_Mirada_Daniel_Tonina_Fotografia-El_Calafate_Province_of_Santa_Cruz_Patagoni.html,5.0,1,Photography Tours,Prestadores turísticos,Receptivos,,,,,-50.337969,-72.2647982,1
246,242,Tangol,Tangol,/Attraction_Review-g312851-d15589132-Reviews-Tangol-El_Calafate_Province_of_Santa_Cruz_Patagonia.html,4.0,1,River Rafting & Tubing â€¢ Hiking & Camping Tours,Prestadores turísticos,Receptivos,,,,,-50.337969,-72.2647982,1
247,243,Guanaco Travel,Guanaco Travel,/Attraction_Review-g316035-d10786836-Reviews-Guanaco_Travel-El_Chalten_Province_of_Santa_Cruz_Patagonia.html,3.5,3,Taxis & Shuttles â€¢ Eco Tours,Prestadores turísticos,Transporte,,,,,-49.3299828,-72.8862997,1
248,244,Chalten Travel Turismo,Chalten Travel Turismo,/Attraction_Review-g312851-d14957815-Reviews-Chalten_Travel_Turismo-El_Calafate_Province_of_Santa_Cruz_Patagonia.html,3.0,20,Boat Tours â€¢ Sightseeing Tours,Prestadores turísticos,Receptivos,,,,,-50.3379694,-72.2657329,1
249,245,Cine Rio Gallegos,Cine Río Gallegos,/Attraction_Review-g312852-d8685855-Reviews-Cine_Rio_Gallegos-Rio_Gallegos_Province_of_Santa_Cruz_Patagonia.html,3.0,24,Movie Theaters,Prestadores turísticos,Entretenimiento,,,,,-51.620106,-69.2187885,1
250,246,Primera Vivienda de El Calafate,Primera Vivienda de El Calafate,/Attraction_Review-g312851-d20325981-Reviews-Primera_Vivienda_de_El_Calafate-El_Calafate_Province_of_Santa_Cruz_Patagonia.html,3.0,1,Points of Interest & Landmarks,Sitios históricos y arqueológicos,Sitios históricos,,,,,-50.337868,-72.261337,0
251,247,Cueva de Los Leones,Cueva de Los Leones,/Attraction_Review-g887127-d20205993-Reviews-Cueva_de_Los_Leones-Puerto_Deseado_Province_of_Santa_Cruz_Patagonia.html,3.0,1,Nature & Wildlife Areas â€¢ Caverns & Caves,Áreas naturales,"Grutas, cuevas y playas",,,,,-47.7504784,-65.8615119,1
252,248,Bex Be Explorer Tours,Bex Be Explorer Tours,/Attraction_Review-g312851-d2569748-Reviews-Bex_Be_Explorer_Tours-El_Calafate_Province_of_Santa_Cruz_Patagonia.html,2.5,2,Sightseeing Tours,Prestadores turísticos,Receptivos,,,,,-50.337969,-72.2647982,1
253,249,Tagle Servicios TurÃ­sticos,Tagle,/Attraction_Review-g312851-d12930575-Reviews-Tagle_Servicios_Turisticos-El_Calafate_Province_of_Santa_Cruz_Patagonia.html,3.0,2,City Tours â€¢ Cultural Tours,Prestadores turísticos,Receptivos,,,,,-50.3377587,-72.263316,1
254,250,Estancia 25 de Mayo,Estancia 25 de Mayo,/Attraction_Review-g312851-d20886500-Reviews-Estancia_25_de_Mayo-El_Calafate_Province_of_Santa_Cruz_Patagonia.html,2.0,1,Nature & Wildlife Tours,Prestadores turísticos,Receptivos,,,,,-50.337969,-72.2647982,1
255,142,El Chalten Tours by Say Hueque,Say Hueque Tours,/Attraction_Review-g316035-d16844462-Reviews-El_Chalten_Tours_by_Say_Hueque-El_Chalten_Province_of_Santa_Cruz_Patagonia.html,2.0,3,Multi-day Tours â€¢ Hiking & Camping Tours,Prestadores turísticos,Excursiones y aventura,Lago Argentino,El Calafate,1.0,1.0,-50.337643,-72.266739,1
256,251,Andesmar,Andesmar,/Attraction_Review-g312851-d20075223-Reviews-Andesmar-El_Calafate_Province_of_Santa_Cruz_Patagonia.html,1.5,2,Bus Services,Prestadores turísticos,Transporte,,,,,-50.3410761,-72.2544179,1
257,252,La Cocina De Mabel,La Cocina De Mabel,/Attraction_Review-g312852-d14946389-Reviews-La_Cocina_De_Mabel-Rio_Gallegos_Province_of_Santa_Cruz_Patagonia.html,3.0,7,Speciality & Gift Shops,Prestadores turísticos,Comercio y gastronomía,,,,,-51.6219279,-69.213449,1
258,253,Terminal de Omnibus Manuel Alvarez,Terminal de Omnibus Manuel Alvarez,/Attraction_Review-g312852-d10393524-Reviews-Terminal_de_Omnibus_Manuel_Alvarez-Rio_Gallegos_Province_of_Santa_Cruz_Patagonia.html,2.0,10,Bus Services,Prestadores turísticos,Transporte,,,,,-51.626518,-69.248779,0
259,254,Marga Taqsa,Marga Taqsa,/Attraction_Review-g312852-d15195786-Reviews-Marga_Taqsa-Rio_Gallegos_Province_of_Santa_Cruz_Patagonia.html,2.0,22,Bus Services,Prestadores turísticos,Transporte,,,,,-51.6286659,-69.2539215,1
260,255,Canadon de los Muertos,Cañadón de los Muertos,/Attraction_Review-g1203116-d10341134-Reviews-Canadon_de_los_Muertos-Gobernador_Gregores_Province_of_Santa_Cruz_Patagonia.html,0.0,0,Points of Interest & Landmarks â€¢ Historic Walking Areas,Sitios históricos y arqueológicos,Sitios históricos,,,,,-48.7509053,-70.2485017,1
261,256,Rio Chico,Río Chico,/Attraction_Review-g1203116-d10341175-Reviews-Rio_Chico-Gobernador_Gregores_Province_of_Santa_Cruz_Patagonia.html,0.0,0,Bodies of Water,Áreas naturales,"Lagos, lagunas y ríos",,,,,-49.8029621,-68.6246573,1
262,257,Becky's Bar,Becky's Bar,/Attraction_Review-g2468334-d11747365-Reviews-Becky_s_Bar-Puerto_Santa_Cruz_Province_of_Santa_Cruz_Patagonia.html,0.0,0,Bars & Clubs,Prestadores turísticos,Comercio y gastronomía,,,,,-50.0247276,-68.5243815,1
263,258,Alferez D Walter Omar Donna Plaque,Placa de Alferez Walter Omar D'Anna,/Attraction_Review-g312852-d10246391-Reviews-Alferez_D_Walter_Omar_Donna_Plaque-Rio_Gallegos_Province_of_Santa_Cruz_Patagonia.html,0.0,0,Points of Interest & Landmarks,Sitios históricos y arqueológicos,Monumentos y estatuas,,,,,-51.6230485,-69.2168291,1
264,259,Museo Regional Provincial,Museo Regional Provincial Padre Jesús Molina,/Attraction_Review-g312852-d10239024-Reviews-Museo_Regional_Provincial-Rio_Gallegos_Province_of_Santa_Cruz_Patagonia.html,0.0,0,Natural History Museums â€¢ Science Museums,Museos,Museos,,,,,-51.6266936,-69.2202126,1
265,260,Museo MarÃ­timo y Naval de la Patagonia Austral,Museo Naval,/Attraction_Review-g312852-d10239034-Reviews-Museo_Maritimo_y_Naval_de_la_Patagonia_Austral-Rio_Gallegos_Province_of_Santa_Cr.html,0.0,0,Speciality Museums â€¢ History Museums,Museos,Museos,,,,,-51.6236452,-69.2082589,1
266,261,Patagonian Wind Bike,Patagonian Wind Bike,/Attraction_Review-g312851-d12542648-Reviews-Patagonian_Wind_Bike-El_Calafate_Province_of_Santa_Cruz_Patagonia.html,0.0,0,Gear Rentals,Prestadores turísticos,Transporte,,,,,-50.337969,-72.2647982,1
267,262,Neyem,Neyem,/Attraction_Review-g312852-d13073571-Reviews-Neyem-Rio_Gallegos_Province_of_Santa_Cruz_Patagonia.html,0.0,0,Multi-day Tours â€¢ Cultural Tours,Prestadores turísticos,Receptivos,,,,,-51.6230485,-69.2168291,1
268,263,Signature Tours,Signature Tours,/Attraction_Review-g312851-d15887632-Reviews-Signature_Tours-El_Calafate_Province_of_Santa_Cruz_Patagonia.html,0.0,0,Multi-day Tours â€¢ Walking Tours,Prestadores turísticos,Receptivos,,,,,-50.337969,-72.2647982,1
269,264,Estancia La Estela,Estancia La Estela,/Attraction_Review-g312850-d15710453-Reviews-Estancia_La_Estela-Province_of_Santa_Cruz_Patagonia.html,0.0,0,River Rafting & Tubing â€¢ Horseback Riding Tours,Prestadores turísticos,Receptivos,,,,,-49.81042,-72.05449,1
270,265,Morresi Viajes,Morresi Viajes,/Attraction_Review-g312851-d15805351-Reviews-Morresi_Viajes-El_Calafate_Province_of_Santa_Cruz_Patagonia.html,0.0,0,"City Tours â€¢ 4WD, ATV & Off-Road Tours",Prestadores turísticos,Receptivos,,,,,-50.338548,-72.2683725,1
271,242,Tangol El Calafate,Tangol El Calafate,/Attraction_Review-g312851-d15760175-Reviews-Tangol_El_Calafate-El_Calafate_Province_of_Santa_Cruz_Patagonia.html,0.0,0,Multi-day Tours â€¢ Hiking & Camping Tours,Prestadores turísticos,Receptivos,,,,,-50.337969,-72.2647982,1
272,266,Sirio Artesanias,Sirio Artesanias,/Attraction_Review-g316035-d15553488-Reviews-Sirio_Artesanias-El_Chalten_Province_of_Santa_Cruz_Patagonia.html,0.0,0,Speciality & Gift Shops,Prestadores turísticos,Comercio y gastronomía,,,,,-49.3337265,-72.8896258,1
273,267,Traslados en Taxi Calafate,Traslados en Taxi Calafate,/Attraction_Review-g312851-d17821225-Reviews-Traslados_en_Taxi_Calafate-El_Calafate_Province_of_Santa_Cruz_Patagonia.html,0.0,0,Taxis & Shuttles,Prestadores turísticos,Transporte,,,,,-50.337969,-72.2647982,1
274,268,Relish Patagonia,Relish Patagonia,/Attraction_Review-g312851-d14987525-Reviews-Relish_Patagonia-El_Calafate_Province_of_Santa_Cruz_Patagonia.html,0.0,0,Taxis & Shuttles,Prestadores turísticos,Transporte,,,,,-50.3360421,-72.250144,1
275,269,Arte Aplicado,Arte Aplicado,/Attraction_Review-g312851-d21356112-Reviews-Arte_Aplicado-El_Calafate_Province_of_Santa_Cruz_Patagonia.html,0.0,0,Art Galleries,Prestadores turísticos,Comercio y gastronomía,,,,,-50.3380949,-72.2631148,1
276,270,Eureka Travel,Eureka Travel,/Attraction_Review-g312851-d20358797-Reviews-Eureka_Travel-El_Calafate_Province_of_Santa_Cruz_Patagonia.html,0.0,0,Multi-day Tours â€¢ Taxis & Shuttles,Prestadores turísticos,Receptivos,,,,,-50.337969,-72.2647982,1
277,271,GPS Travel,GPS Travel,/Attraction_Review-g312851-d20778316-Reviews-GPS_Travel-El_Calafate_Province_of_Santa_Cruz_Patagonia.html,0.0,0,Taxis & Shuttles â€¢ Hiking & Camping Tours,Prestadores turísticos,Transporte,,,,,-50.3405611,-72.2523949,1
278,272,Luna Roja El Calafate,Luna Roja El Calafate,/Attraction_Review-g312851-d20920430-Reviews-Luna_Roja_El_Calafate-El_Calafate_Province_of_Santa_Cruz_Patagonia.html,0.0,0,Multi-day Tours â€¢ Taxis & Shuttles,Prestadores turísticos,Receptivos,,,,,-50.337969,-72.2647982,1
279,273,ZetatreK,ZetatreK,/Attraction_Review-g312851-d21210743-Reviews-ZetatreK-El_Calafate_Province_of_Santa_Cruz_Patagonia.html,0.0,0,Walking Tours â€¢ Hiking & Camping Tours,Prestadores turísticos,Receptivos,,,,,-50.337969,-72.2647982,1
280,274,Patagonia Photo Tour,Patagonia Photo Tour,/Attraction_Review-g312851-d21168461-Reviews-Patagonia_Photo_Tour-El_Calafate_Province_of_Santa_Cruz_Patagonia.html,0.0,0,Photography Tours,Prestadores turísticos,Receptivos,,,,,-50.337969,-72.2647982,1
281,263,Signature Tours,Signature Tours,/Attraction_Review-g312851-d21049294-Reviews-Signature_Tours-El_Calafate_Province_of_Santa_Cruz_Patagonia.html,0.0,0,Multi-day Tours â€¢ Day Trips,Prestadores turísticos,Receptivos,repetido268,,,,-50.337969,-72.2647982,1
282,275,Limite Patagonia,Limite Patagonia,/Attraction_Review-g312851-d23109899-Reviews-Limite_Patagonia-El_Calafate_Province_of_Santa_Cruz_Patagonia.html,0.0,0,Multi-day Tours â€¢ Private Tours,Prestadores turísticos,Receptivos,,,,,-50.337969,-72.2647982,1
283,276,Almacen Cervecero Los Antiguos,Almacen Cervecero Los Antiguos,/Attraction_Review-g1673177-d21384021-Reviews-Almacen_Cervecero_Los_Antiguos-Los_Antiguos_Province_of_Santa_Cruz_Patagonia.html,0.0,0,Breweries,Prestadores turísticos,Comercio y gastronomía,,,,,-46.5515427,-71.6311333,1
284,277,All Territories Adventure Travel,All Territories Adventure Travel,/Attraction_Review-g312851-d23162582-Reviews-All_Territories_Adventure_Travel-El_Calafate_Province_of_Santa_Cruz_Patagonia.html,0.0,0,Multi-day Tours â€¢ Private Tours,Prestadores turísticos,Receptivos,,,,,-50.337969,-72.2647982,1
285,278,AMANCAY,Amancay,/Attraction_Review-g316035-d20106401-Reviews-AMANCAY-El_Chalten_Province_of_Santa_Cruz_Patagonia.html,0.0,0,Taxis & Shuttles â€¢ Walking Tours,Prestadores turísticos,Transporte,,,,,-49.3314941,-72.886325,1
286,279,Cerro Cristal,Cerro Cristal,/Attraction_Review-g312851-d20150106-Reviews-Cerro_Cristal-El_Calafate_Province_of_Santa_Cruz_Patagonia.html,0.0,0,Mountains,Áreas naturales,Cerros,,,,,-50.5672222,-72.7808333,1
287,280,Calafate Travel,Calafate Travel,/Attraction_Review-g316035-d20050872-Reviews-Calafate_Travel-El_Chalten_Province_of_Santa_Cruz_Patagonia.html,0.0,0,River Rafting & Tubing â€¢ Taxis & Shuttles,Prestadores turísticos,Receptivos,,,,,-50.3481919,-72.2818847,1
288,281,SUR FLY FISHING,Sur Fly Fishing,/Attraction_Review-g312851-d19501576-Reviews-SUR_FLY_FISHING-El_Calafate_Province_of_Santa_Cruz_Patagonia.html,0.0,0,"Multi-day Tours â€¢ 4WD, ATV & Off-Road Tours",Prestadores turísticos,Receptivos,,,,,-50.337969,-72.2647982,1
289,282,OneSeed Expeditions - Argentina,OneSeed Expeditions,/Attraction_Review-g312851-d19512741-Reviews-OneSeed_Expeditions_Argentina-El_Calafate_Province_of_Santa_Cruz_Patagonia.html,0.0,0,Multi-day Tours â€¢ Hiking & Camping Tours,Prestadores turísticos,Receptivos,,,,,-50.337969,-72.2647982,1
290,283,Patagonia a caballo,Patagonia a caballo,/Attraction_Review-g312851-d19601236-Reviews-Patagonia_a_caballo-El_Calafate_Province_of_Santa_Cruz_Patagonia.html,0.0,0,Multi-day Tours â€¢ Taxis & Shuttles,Prestadores turísticos,Receptivos,,,,,-50.337969,-72.2647982,1
291,284,Receptivo Chalten - Calafate Office,Receptivo Chalten,/Attraction_Review-g312851-d19870227-Reviews-Receptivo_Chalten_Calafate_Office-El_Calafate_Province_of_Santa_Cruz_Patagonia.html,0.0,0,Multi-day Tours â€¢ Taxis & Shuttles,Prestadores turísticos,Receptivos,,,,,-49.3314941,-72.886325,1
292,285,Estetica EL Calafate,Estetica El Calafate,/Attraction_Review-g312851-d19805068-Reviews-Estetica_EL_Calafate-El_Calafate_Province_of_Santa_Cruz_Patagonia.html,0.0,0,Spas,Prestadores turísticos,Bienestar,,,,,-50.3397677,-72.2783034,1
293,286,FlightCEM Servicios AÃ©reos,Flight CEM Servicios Aéreos,/Attraction_Review-g312852-d23555494-Reviews-FlightCEM_Servicios_Aereos-Rio_Gallegos_Province_of_Santa_Cruz_Patagonia.html,0.0,0,Taxis & Shuttles â€¢ Air Tours,Prestadores turísticos,Transporte,,,,,-51.615722,-69.2252211,1
294,287,Terminal De Ã“mnibus El Calafate,Terminal de Ómnibus de El Calafate,/Attraction_Review-g312851-d23555007-Reviews-Terminal_De_Omnibus_El_Calafate-El_Calafate_Province_of_Santa_Cruz_Patagonia.html,0.0,0,Points of Interest & Landmarks,Prestadores turísticos,Transporte,,,,,-50.3374028,-72.2452032,1
295,288,On Patagonia,On Patagonia,/Attraction_Review-g312851-d23191164-Reviews-On_Patagonia-El_Calafate_Province_of_Santa_Cruz_Patagonia.html,0.0,0,Bus Services,Prestadores turísticos,Transporte,,,,,-50.337969,-72.2647982,1
296,289,Mirador Lago VolcÃ¡n y RÃ­o LÃ¡cteo,Mirador Lago Volcán y Río Lácteo,/Attraction_Review-g1949199-d23696395-Reviews-Mirador_Lago_Volcan_y_Rio_Lacteo-Perito_Moreno_Province_of_Santa_Cruz_Patagonia.html,0.0,0,Lookouts,Áreas naturales,Miradores,,,,,-47.7678618,-72.2328599,1
297,290,Observatorio de Aves Laguna Del MiÃ©,Observatorio de Aves Laguna Del Mié,/Attraction_Review-g312850-d23702864-Reviews-Observatorio_de_Aves_Laguna_Del_Mie-Province_of_Santa_Cruz_Patagonia.html,0.0,0,Nature & Wildlife Areas,Áreas naturales,Miradores,,,,,-47.8683608,-71.9763204,1
298,291,Mirador del Lago Belgrano,Mirador del Lago Belgrano,/Attraction_Review-g312850-d23702870-Reviews-Mirador_Del_Lago_Belgrano-Province_of_Santa_Cruz_Patagonia.html,0.0,0,Lookouts,Áreas naturales,Miradores,,,,,-47.8541847,-72.1515419,1
299,292,Lago Burmeister,Lago Burmeister,/Attraction_Review-g312850-d23702871-Reviews-Lago_Burmeister-Province_of_Santa_Cruz_Patagonia.html,0.0,0,Bodies of Water,Áreas naturales,"Lagos, lagunas y ríos",,,,,-47.9590634,-72.201088,1
300,293,Circuito Azara,Circuito Azara,/Attraction_Review-g312850-d23702876-Reviews-Circuito_Azara-Province_of_Santa_Cruz_Patagonia.html,0.0,0,Hiking Trails,Áreas naturales,Senderos,,,,,-47.8717593,-71.9764246,1
301,294,Sendero Valle Del Rio LÃ¡cteo Y Laguna De Los TÃ©mpanos,Sendero Valle del Rio Lácteo y Laguna de Los Témpanos,/Attraction_Review-g312850-d23702875-Reviews-Sendero_Valle_Del_Rio_Lacteo_Y_Laguna_De_Los_Tempanos-Province_of_Santa_Cruz_Pat.html,0.0,0,Hiking Trails,Áreas naturales,Senderos,,,,,-47.8717593,-71.9764246,1
302,295,Circuito PenÃ­nsula Belgrano,Circuito Pení­nsula Belgrano,/Attraction_Review-g312850-d23702872-Reviews-Circuito_Peninsula_Belgrano-Province_of_Santa_Cruz_Patagonia.html,0.0,0,Hiking Trails,Áreas naturales,Senderos,,,,,-47.0362143,-71.6971857,1
303,62,Centro De Informes Ceferino Fonzo,Centro de Información Turística - El Chaltén,/Attraction_Review-g312850-d23702877-Reviews-Centro_De_Informes_Ceferino_Fonzo-Province_of_Santa_Cruz_Patagonia.html,0.0,0,Visitor Centers,Espacios urbanos,Centros de Información Turística,,,,,-49.3334197,-72.8833999,1
304,296,Parque Nacional Perito Moreno,Parque Nacional Perito Moreno,/Attraction_Review-g1949199-d23715501-Reviews-Parque_Nacional_Perito_Moreno-Perito_Moreno_Province_of_Santa_Cruz_Patagonia.html,0.0,0,National Parks,Áreas naturales,Parque / Reserva natural,,,,,-47.8717593,71.9764246,1
305,297,Ascenso Al Cerro LeÃ³n Y Condorera,Ascenso al Cerro León y Condorera,/Attraction_Review-g1203116-d23693065-Reviews-Ascenso_Al_Cerro_Leon_Y_Condorera-Gobernador_Gregores_Province_of_Santa_Cruz_Pa.html,0.0,0,State Parks,Áreas naturales,Cerros,,,,,-48.75,-70.25,1
306,298,Mirador Cabeza De LeÃ³n,Mirador Cabeza de León,/Attraction_Review-g2468334-d23732076-Reviews-Mirador_Cabeza_De_Leon-Puerto_Santa_Cruz_Province_of_Santa_Cruz_Patagonia.html,0.0,0,Lookouts,Áreas naturales,Miradores,,,,,-50.2642303,-68.9584374,1
307,299,Sendero PingÃ¼inera,Sendero Pingüinera,/Attraction_Review-g2468334-d23733275-Reviews-Sendero_Pinguinera-Puerto_Santa_Cruz_Province_of_Santa_Cruz_Patagonia.html,0.0,0,Nature & Wildlife Areas,Áreas naturales,Senderos,repetido 309,,,,-50.2642303,-68.9584374,1
308,300,Plaza de los NiÃ±os Ausentes,Plaza de los Niños Ausentes,/Attraction_Review-g312851-d23467151-Reviews-Plaza_de_los_Ninos_Ausentes-El_Calafate_Province_of_Santa_Cruz_Patagonia.html,0.0,0,Playgrounds,Espacios urbanos,"Parques, plazas y espacios urbanos",,,,,-50.327454,-72.276047,0
309,299,Sendero PingÃ¼inera,Sendero Pingüinera,/Attraction_Review-g2468334-d23743430-Reviews-Sendero_Pinguinera-Puerto_Santa_Cruz_Province_of_Santa_Cruz_Patagonia.html,0.0,0,Hiking Trails,Áreas naturales,Senderos,,,,,-50.2642303,-68.9584374,1
310,301,Sendero LoberÃ­a,Sendero Lobería,/Attraction_Review-g2468334-d23743431-Reviews-Sendero_Loberia-Puerto_Santa_Cruz_Province_of_Santa_Cruz_Patagonia.html,0.0,0,Hiking Trails,Áreas naturales,Senderos,,,,,-50.2642303,-68.9584374,1
311,302,Isla Monte LeÃ³n,Isla Monte León,/Attraction_Review-g2468334-d23748716-Reviews-Isla_Monte_Leon-Puerto_Santa_Cruz_Province_of_Santa_Cruz_Patagonia.html,0.0,0,National Parks,Áreas naturales,Parque / Reserva natural,,,,,-50.2642303,-68.9584374,1
312,303,Parque Natural Provincial Monte Loayza,Parque Natural Provincial Monte Loayza,/Attraction_Review-g23902725-d23944223-Reviews-Parque_Natural_Provincial_Monte_Loayza-Jaramillo_Province_of_Santa_Cruz_Patago.html,0.0,0,State Parks,Áreas naturales,Parque / Reserva natural,,,,,-47.1033333,-66.2816667,1
313,304,Parque Provincial PenÃ­nsula De Magallanes,Parque Provincial Península de Magallanes,/Attraction_Review-g312851-d23950568-Reviews-Parque_Provincial_Peninsula_De_Magallanes-El_Calafate_Province_of_Santa_Cruz_Pat.html,0.0,0,State Parks,Áreas naturales,Parque / Reserva natural,,,,,-50.4033333,-72.8830556,1
314,305,MariMar,MariMar,/Attraction_Review-g312851-d23941022-Reviews-MariMar-El_Calafate_Province_of_Santa_Cruz_Patagonia.html,0.0,0,Taxis & Shuttles,Prestadores turísticos,Transporte,,,,,-50.337969,-72.2647982,1
315,306,GTY Traslados Calafate,GTY Traslados Calafate,/Attraction_Review-g312851-d23924238-Reviews-GTY_Traslados_Calafate-El_Calafate_Province_of_Santa_Cruz_Patagonia.html,0.0,0,Taxis & Shuttles,Prestadores turísticos,Transporte,,,,,-50.337969,-72.2647982,1
316,307,Parque Interjuridiccional Marino Makenke,Parque Interjuridiccional Marino Makenke,/Attraction_Review-g1857763-d23929741-Reviews-Parque_Interjuridiccional_Marino_Makenke-Puerto_San_Julian_Province_of_Santa_Cr.html,0.0,0,National Parks,Áreas naturales,Parque / Reserva natural,,,,,-49.3097353,-67.7172351,1
317,22,Parque Interjuridiccional Marino Isla PingÃ¼ino,Parque Interjuridiccional Marino Isla Pingüino,/Attraction_Review-g887127-d23931147-Reviews-Parque_Interjuridiccional_Marino_Isla_Pinguino-Puerto_Deseado_Province_of_Santa_.html,0.0,0,National Parks,Áreas naturales,Parque / Reserva natural,,,,,-47.9105556,-65.7175,1
318,308,AYG TRASLADOS,AYG TRASLADOS,/Attraction_Review-g312851-d23931373-Reviews-AYG_TRASLADOS-El_Calafate_Province_of_Santa_Cruz_Patagonia.html,0.0,0,"4WD, ATV & Off-Road Tours â€¢ Hop-On Hop-Off Tours",Prestadores turísticos,Receptivos,,,,,-50.337969,-72.2647982,1
319,309,Argentina Pura,Argentina Pura,/Attraction_Review-g312851-d23955836-Reviews-Argentina_Pura-El_Calafate_Province_of_Santa_Cruz_Patagonia.html,0.0,0,Multi-day Tours â€¢ Cultural Tours,Prestadores turísticos,Receptivos,,,,,-50.337969,-72.2647982,1
320,310,Fitz Roy Rafting,Fitz Roy Rafting,/Attraction_Review-g316035-d23956000-Reviews-Fitz_Roy_Rafting-El_Chalten_Province_of_Santa_Cruz_Patagonia.html,0.0,0,River Rafting & Tubing â€¢ Adrenaline & Extreme Tours,Prestadores turísticos,Receptivos,,,,,-49.3314941,-72.886325,1
